-- phpMyAdmin SQL Dump
-- version 4.9.5deb2
-- https://www.phpmyadmin.net/
--
-- Host: localhost:3306
-- Generation Time: Aug 30, 2020 at 01:05 PM
-- Server version: 8.0.20-0ubuntu0.20.04.1
-- PHP Version: 7.4.3

SET SQL_MODE = "NO_AUTO_VALUE_ON_ZERO";
SET AUTOCOMMIT = 0;
START TRANSACTION;
SET time_zone = "+00:00";


/*!40101 SET @OLD_CHARACTER_SET_CLIENT=@@CHARACTER_SET_CLIENT */;
/*!40101 SET @OLD_CHARACTER_SET_RESULTS=@@CHARACTER_SET_RESULTS */;
/*!40101 SET @OLD_COLLATION_CONNECTION=@@COLLATION_CONNECTION */;
/*!40101 SET NAMES utf8mb4 */;

--
-- Database: `conceptx`
--

-- --------------------------------------------------------

--
-- Table structure for table `cities`
--

CREATE TABLE `cities` (
  `id` int UNSIGNED NOT NULL,
  `created_at` timestamp NULL DEFAULT NULL,
  `updated_at` timestamp NULL DEFAULT NULL
) ENGINE=InnoDB DEFAULT CHARSET=utf8mb4 COLLATE=utf8mb4_unicode_ci;

--
-- Dumping data for table `cities`
--

INSERT INTO `cities` (`id`, `created_at`, `updated_at`) VALUES
(1, '2019-06-12 03:42:12', '2019-06-12 03:42:12'),
(2, '2019-06-12 05:04:46', '2019-06-12 05:04:46'),
(3, '2019-06-28 05:06:27', '2019-06-28 05:06:27'),
(4, '2019-07-11 12:25:45', '2019-07-11 12:25:45'),
(5, '2019-07-11 12:26:44', '2019-07-11 12:26:44'),
(6, '2019-07-11 12:26:56', '2019-07-11 12:26:56'),
(7, '2019-07-11 12:27:13', '2019-07-11 12:27:13'),
(8, '2019-07-11 12:28:55', '2019-07-11 12:28:55'),
(9, '2019-07-11 12:32:01', '2019-07-11 12:32:01'),
(10, '2019-07-11 12:32:30', '2019-07-11 12:32:30'),
(11, '2019-07-11 12:33:20', '2019-07-11 12:33:20'),
(12, '2019-07-11 12:33:36', '2019-07-11 12:33:36'),
(13, '2019-07-11 12:33:52', '2019-07-11 12:33:52'),
(14, '2019-07-11 12:34:22', '2019-07-11 12:34:22'),
(15, '2019-07-11 12:34:53', '2019-07-11 12:34:53'),
(16, '2019-07-11 12:35:43', '2019-07-11 12:35:43'),
(18, '2019-08-15 10:41:50', '2019-08-15 10:41:50');

-- --------------------------------------------------------

--
-- Table structure for table `city_descriptions`
--

CREATE TABLE `city_descriptions` (
  `id` int UNSIGNED NOT NULL,
  `name` varchar(255) CHARACTER SET utf8mb4 COLLATE utf8mb4_0900_ai_ci NOT NULL DEFAULT '',
  `c_id` varchar(255) CHARACTER SET utf8mb4 COLLATE utf8mb4_0900_ai_ci NOT NULL DEFAULT '',
  `languages_id` varchar(255) CHARACTER SET utf8mb4 COLLATE utf8mb4_0900_ai_ci NOT NULL DEFAULT '',
  `created_at` timestamp NULL DEFAULT NULL,
  `updated_at` timestamp NULL DEFAULT NULL
) ENGINE=InnoDB DEFAULT CHARSET=utf8mb4 COLLATE=utf8mb4_unicode_ci;

--
-- Dumping data for table `city_descriptions`
--

INSERT INTO `city_descriptions` (`id`, `name`, `c_id`, `languages_id`, `created_at`, `updated_at`) VALUES
(1, 'KACHIN STATE', '1', '1', '2019-06-12 03:42:12', '2019-07-12 10:19:04'),
(2, 'ကချင်ပြည်နယ်', '1', '3', '2019-06-12 03:42:12', '2019-07-12 10:19:04'),
(3, 'YANGON DIVISION', '2', '1', '2019-06-12 05:04:46', '2019-07-11 12:30:09'),
(4, 'ရန်ကုန်တိုင်း', '2', '3', '2019-06-12 05:04:46', '2019-07-11 12:30:09'),
(5, 'MON STATE', '3', '1', '2019-06-28 05:06:27', '2019-07-11 12:30:30'),
(6, 'မွန်ပြည်နယ်', '3', '3', '2019-06-28 05:06:27', '2019-07-11 12:30:30'),
(7, 'KAYAH STATE', '4', '1', '2019-07-11 12:25:45', '2019-07-11 12:29:14'),
(8, 'ကယားပြည်နယ်', '4', '3', '2019-07-11 12:25:45', '2019-07-11 12:29:14'),
(9, 'KAYIN STATE', '5', '1', '2019-07-11 12:26:44', '2019-07-11 12:30:47'),
(10, 'ကရင်ပြည်နယ်', '5', '3', '2019-07-11 12:26:44', '2019-07-11 12:30:47'),
(11, 'CHIN STATE', '6', '1', '2019-07-11 12:26:56', '2019-07-11 12:31:15'),
(12, 'ချင်းပြည်နယ်', '6', '3', '2019-07-11 12:26:56', '2019-07-11 12:31:15'),
(13, 'RAKHINE STATE', '7', '1', '2019-07-11 12:27:13', '2019-07-11 12:31:35'),
(14, 'ရခိုင်ပြည်နယ်', '7', '3', '2019-07-11 12:27:13', '2019-07-11 12:31:35'),
(15, 'NORTHERN SHAN STATE', '8', '1', '2019-07-11 12:28:55', '2019-07-11 12:28:55'),
(16, 'ရှမ်းပြည်နယ်မြောက်ပိုင်း', '8', '3', '2019-07-11 12:28:55', '2019-07-11 12:28:55'),
(17, 'EASTERN SHAN STATE', '9', '1', '2019-07-11 12:32:01', '2019-07-11 12:32:01'),
(18, 'ရှမ်းပြည်နယ်အရှေ့ပိုင်း', '9', '3', '2019-07-11 12:32:01', '2019-07-11 12:32:01'),
(19, 'SOUTHERN SHAN STATE', '10', '1', '2019-07-11 12:32:30', '2019-07-11 12:32:42'),
(20, 'ရှမ်းပြည်နယ်တောင်ပိုင်း', '10', '3', '2019-07-11 12:32:30', '2019-07-11 12:32:42'),
(21, 'SAGAING DIVISION', '11', '1', '2019-07-11 12:33:20', '2019-07-11 12:33:20'),
(22, 'စစ်ကိုင်းတိုင်း', '11', '3', '2019-07-11 12:33:20', '2019-07-11 12:33:20'),
(23, 'BAGO DIVISION', '12', '1', '2019-07-11 12:33:36', '2019-07-11 12:33:36'),
(24, 'ပဲခူးတိုင်း', '12', '3', '2019-07-11 12:33:36', '2019-07-11 12:33:36'),
(25, 'MAGWAY DIVISION', '13', '1', '2019-07-11 12:33:52', '2019-07-11 12:33:52'),
(26, 'မကွေးတိုင်း', '13', '3', '2019-07-11 12:33:52', '2019-07-11 12:33:52'),
(27, 'AYEYARWADDY DIVISION', '14', '1', '2019-07-11 12:34:22', '2019-07-11 12:34:22'),
(28, 'ဧရာဝတီတိုင်း', '14', '3', '2019-07-11 12:34:22', '2019-07-11 12:34:22'),
(29, 'THANINNTHARYI DIVISION', '15', '1', '2019-07-11 12:34:53', '2019-07-11 12:34:53'),
(30, 'တနင်္သာရီတိုင်း', '15', '3', '2019-07-11 12:34:53', '2019-07-11 12:34:53'),
(31, 'MANDALAY DIVISION', '16', '1', '2019-07-11 12:35:43', '2019-07-11 12:35:43'),
(32, 'မန္တလေးတိုင်း', '16', '3', '2019-07-11 12:35:43', '2019-07-11 12:35:43'),
(35, 'NAY PYI TAW', '18', '1', '2019-08-15 10:41:50', '2019-08-15 10:41:50'),
(36, 'နေပြည်တော်', '18', '3', '2019-08-15 10:41:50', '2019-08-15 10:41:50');

-- --------------------------------------------------------

--
-- Table structure for table `townships`
--

CREATE TABLE `townships` (
  `id` int UNSIGNED NOT NULL,
  `city_id` int NOT NULL,
  `created_at` timestamp NULL DEFAULT NULL,
  `updated_at` timestamp NULL DEFAULT NULL
) ENGINE=InnoDB DEFAULT CHARSET=utf8mb4 COLLATE=utf8mb4_unicode_ci;

--
-- Dumping data for table `townships`
--

INSERT INTO `townships` (`id`, `city_id`, `created_at`, `updated_at`) VALUES
(1, 1, '2019-06-12 03:43:50', '2019-06-12 03:43:50'),
(2, 2, '2019-06-12 05:05:13', '2019-06-12 05:05:13'),
(4, 2, '2019-07-11 12:36:42', '2019-07-11 12:36:42'),
(5, 2, '2019-07-11 12:37:14', '2019-07-18 06:03:02'),
(6, 2, '2019-07-11 12:37:32', '2019-07-11 12:37:32'),
(7, 1, '2019-07-11 12:38:49', '2019-07-11 12:38:49'),
(8, 2, '2019-07-18 05:25:37', '2019-07-18 05:25:37'),
(9, 1, '2019-07-18 05:32:31', '2019-07-18 05:32:31'),
(10, 1, '2019-07-18 05:33:32', '2019-07-18 05:33:32'),
(11, 1, '2019-07-18 05:33:57', '2019-07-18 05:33:57'),
(12, 1, '2019-07-18 05:34:25', '2019-07-18 05:34:25'),
(13, 1, '2019-07-18 05:34:53', '2019-07-18 05:34:53'),
(14, 1, '2019-07-18 05:35:31', '2019-07-18 05:35:31'),
(15, 1, '2019-07-18 05:36:47', '2019-07-18 05:36:47'),
(16, 1, '2019-07-18 05:37:27', '2019-07-18 05:37:27'),
(17, 1, '2019-07-18 05:37:58', '2019-07-18 05:37:58'),
(18, 1, '2019-07-18 05:38:24', '2019-07-18 05:38:24'),
(19, 2, '2019-07-18 05:39:07', '2019-07-18 05:39:07'),
(20, 2, '2019-07-18 05:40:31', '2019-07-18 05:40:31'),
(21, 2, '2019-07-18 05:58:04', '2019-07-18 05:58:04'),
(22, 2, '2019-07-18 05:59:14', '2019-07-18 05:59:44'),
(23, 2, '2019-07-18 06:01:32', '2019-07-18 06:01:32'),
(24, 2, '2019-07-18 06:02:32', '2019-07-18 06:07:16'),
(25, 2, '2019-07-18 06:04:21', '2019-07-18 06:04:21'),
(26, 2, '2019-07-18 06:04:45', '2019-07-18 06:06:09'),
(27, 2, '2019-07-18 06:05:04', '2019-07-18 06:06:41'),
(28, 2, '2019-07-18 06:05:27', '2019-07-18 06:06:22'),
(29, 2, '2019-07-18 06:05:53', '2019-07-18 06:05:53'),
(30, 2, '2019-07-18 06:08:08', '2019-07-18 06:08:08'),
(31, 2, '2019-07-18 06:09:15', '2019-07-18 06:09:15'),
(32, 2, '2019-07-18 06:11:17', '2019-07-18 06:11:17'),
(33, 2, '2019-07-18 06:11:46', '2019-07-18 06:11:46'),
(34, 2, '2019-07-18 06:14:36', '2019-07-18 06:14:36'),
(35, 2, '2019-07-18 06:15:02', '2019-07-18 06:15:19'),
(36, 2, '2019-07-18 06:15:44', '2019-07-18 06:15:44'),
(37, 2, '2019-07-18 06:17:35', '2019-07-18 06:17:35'),
(38, 2, '2019-07-18 06:18:43', '2019-07-18 06:18:43'),
(39, 2, '2019-07-18 06:19:10', '2019-07-18 06:19:10'),
(40, 2, '2019-07-18 06:19:40', '2019-07-18 06:19:40'),
(41, 2, '2019-07-18 06:20:24', '2019-07-18 06:20:24'),
(42, 2, '2019-07-18 06:35:52', '2019-07-18 06:35:52'),
(43, 2, '2019-07-18 06:36:15', '2019-07-18 06:36:15'),
(44, 2, '2019-07-18 06:37:47', '2019-07-18 06:37:47'),
(45, 2, '2019-07-18 06:39:08', '2019-07-18 06:39:08'),
(46, 2, '2019-07-18 06:39:32', '2019-07-18 06:39:32'),
(47, 2, '2019-07-18 06:40:25', '2019-07-18 06:40:25'),
(48, 2, '2019-07-18 06:41:04', '2019-07-18 06:41:04'),
(49, 2, '2019-07-18 06:41:54', '2019-07-18 06:41:54'),
(50, 2, '2019-07-18 06:42:48', '2019-07-18 06:42:48'),
(51, 2, '2019-07-18 06:43:03', '2019-07-18 06:43:03'),
(52, 2, '2019-07-18 06:43:29', '2019-07-18 06:43:29'),
(53, 2, '2019-07-18 06:43:59', '2019-07-18 06:43:59'),
(54, 2, '2019-07-18 06:44:32', '2019-07-18 06:44:32'),
(55, 2, '2019-07-18 06:45:26', '2019-07-18 06:45:26'),
(56, 2, '2019-07-18 06:47:11', '2019-07-18 06:47:11'),
(57, 2, '2019-07-18 06:47:39', '2019-07-18 06:47:39'),
(58, 2, '2019-07-18 06:48:02', '2019-07-18 06:48:02'),
(59, 3, '2019-07-18 07:17:54', '2019-07-18 07:17:54'),
(60, 3, '2019-07-18 07:18:15', '2019-07-18 07:18:15'),
(61, 3, '2019-07-18 07:18:37', '2019-07-18 07:18:37'),
(62, 3, '2019-07-18 07:19:36', '2019-07-18 07:19:36'),
(63, 3, '2019-07-18 07:21:05', '2019-07-18 07:21:05'),
(64, 3, '2019-07-18 07:21:19', '2019-07-18 07:21:19'),
(65, 3, '2019-07-18 07:21:40', '2019-07-18 07:21:40'),
(66, 3, '2019-07-18 07:22:48', '2019-07-18 07:22:48'),
(67, 3, '2019-07-18 07:23:07', '2019-07-18 07:23:07'),
(68, 3, '2019-07-18 07:23:30', '2019-07-18 07:23:30'),
(69, 3, '2019-07-18 07:28:32', '2019-07-18 07:28:32'),
(70, 4, '2019-07-18 07:35:34', '2019-07-18 07:35:34'),
(71, 4, '2019-07-18 07:36:05', '2019-07-18 07:36:05'),
(72, 4, '2019-07-18 07:37:03', '2019-07-18 07:37:03'),
(73, 4, '2019-07-18 07:38:45', '2019-07-18 07:38:45'),
(74, 4, '2019-07-18 07:46:09', '2019-07-18 07:46:09'),
(75, 4, '2019-07-18 07:46:20', '2019-07-18 07:46:20'),
(76, 4, '2019-07-18 07:46:33', '2019-07-18 07:46:33'),
(77, 5, '2019-07-18 07:47:31', '2019-07-18 07:47:31'),
(78, 5, '2019-07-18 07:47:49', '2019-07-18 07:47:49'),
(79, 5, '2019-07-18 07:48:05', '2019-07-18 07:48:05'),
(80, 5, '2019-07-18 07:49:56', '2019-07-18 07:49:56'),
(81, 5, '2019-07-18 07:50:17', '2019-07-18 07:50:17'),
(82, 5, '2019-07-18 07:50:48', '2019-07-18 07:50:48'),
(83, 5, '2019-07-18 07:51:02', '2019-07-18 07:51:02'),
(84, 6, '2019-07-18 07:53:11', '2019-07-18 07:53:11'),
(85, 6, '2019-07-18 07:53:28', '2019-07-18 07:53:28'),
(86, 6, '2019-07-18 07:54:03', '2019-07-18 07:54:03'),
(87, 6, '2019-07-18 07:54:26', '2019-07-18 07:54:26'),
(88, 6, '2019-07-18 07:55:39', '2019-07-18 07:55:39'),
(89, 6, '2019-07-18 07:56:05', '2019-07-18 07:56:05'),
(90, 6, '2019-07-18 07:56:33', '2019-07-18 07:56:33'),
(91, 6, '2019-07-18 07:56:54', '2019-07-18 07:56:54'),
(92, 7, '2019-07-18 07:58:16', '2019-07-18 07:58:16'),
(93, 7, '2019-07-18 07:58:33', '2019-07-18 07:58:33'),
(94, 7, '2019-07-18 07:59:03', '2019-07-18 07:59:03'),
(95, 7, '2019-07-18 07:59:46', '2019-07-18 07:59:46'),
(96, 7, '2019-07-18 08:00:16', '2019-07-18 08:00:16'),
(97, 7, '2019-07-18 08:00:39', '2019-07-18 08:00:39'),
(98, 7, '2019-07-18 08:00:57', '2019-07-18 08:00:57'),
(99, 7, '2019-07-18 08:01:32', '2019-07-18 08:01:32'),
(100, 7, '2019-07-18 08:02:15', '2019-07-18 08:02:15'),
(101, 7, '2019-07-18 08:02:30', '2019-07-18 08:02:30'),
(102, 7, '2019-07-18 08:02:46', '2019-07-18 08:02:46'),
(103, 7, '2019-07-18 08:03:10', '2019-07-18 08:03:10'),
(104, 7, '2019-07-18 08:03:52', '2019-07-18 08:03:52'),
(105, 7, '2019-07-18 08:04:17', '2019-07-18 08:04:17'),
(106, 7, '2019-07-18 08:04:59', '2019-07-18 08:04:59'),
(107, 8, '2019-07-18 08:10:23', '2019-07-18 08:10:23'),
(108, 8, '2019-07-18 08:10:47', '2019-07-18 08:10:47'),
(109, 8, '2019-07-18 08:11:06', '2019-07-18 08:15:05'),
(110, 8, '2019-07-18 08:11:39', '2019-07-18 08:11:39'),
(111, 8, '2019-07-18 08:12:02', '2019-07-18 08:12:02'),
(112, 8, '2019-07-18 08:12:36', '2019-07-18 08:12:36'),
(113, 8, '2019-07-18 08:12:56', '2019-07-18 08:12:56'),
(114, 8, '2019-07-18 08:13:19', '2019-07-18 08:13:19'),
(115, 8, '2019-07-18 08:13:44', '2019-07-18 08:13:44'),
(116, 8, '2019-07-18 08:14:04', '2019-07-18 08:14:04'),
(117, 8, '2019-07-18 08:16:13', '2019-07-18 08:16:13'),
(118, 8, '2019-07-18 08:19:54', '2019-07-18 08:19:54'),
(119, 8, '2019-07-18 08:20:56', '2019-07-18 08:20:56'),
(120, 8, '2019-07-18 08:21:14', '2019-07-18 08:21:14'),
(121, 8, '2019-07-18 08:22:52', '2019-07-18 08:22:52'),
(122, 8, '2019-07-18 08:23:13', '2019-07-18 08:23:13'),
(123, 8, '2019-07-18 08:23:52', '2019-07-18 08:23:52'),
(124, 8, '2019-07-18 08:24:09', '2019-07-18 08:24:09'),
(125, 9, '2019-07-18 08:29:25', '2019-07-18 08:29:25'),
(126, 9, '2019-07-18 08:29:43', '2019-07-18 08:29:43'),
(127, 9, '2019-07-18 08:30:00', '2019-07-18 08:30:00'),
(128, 9, '2019-07-18 08:30:20', '2019-07-18 08:30:20'),
(129, 9, '2019-07-18 08:30:48', '2019-07-18 08:30:48'),
(130, 9, '2019-07-18 08:31:02', '2019-07-18 08:31:02'),
(131, 9, '2019-07-18 08:31:23', '2019-07-18 08:31:23'),
(132, 9, '2019-07-18 08:32:55', '2019-07-18 08:32:55'),
(133, 9, '2019-07-18 08:33:10', '2019-07-18 08:33:10'),
(134, 10, '2019-07-18 08:36:41', '2019-07-18 08:36:41'),
(135, 10, '2019-07-18 08:36:55', '2019-07-18 08:36:55'),
(136, 10, '2019-07-18 08:37:20', '2019-07-18 08:37:20'),
(137, 10, '2019-07-18 08:37:39', '2019-07-18 08:37:39'),
(138, 10, '2019-07-18 08:37:51', '2019-07-18 08:37:51'),
(139, 10, '2019-07-18 08:38:05', '2019-07-18 08:38:05'),
(140, 10, '2019-07-18 08:38:23', '2019-07-18 08:38:23'),
(141, 10, '2019-07-18 08:38:41', '2019-07-18 08:38:41'),
(142, 10, '2019-07-18 08:38:55', '2019-07-18 08:38:55'),
(143, 10, '2019-07-18 08:39:07', '2019-07-18 08:39:07'),
(144, 10, '2019-07-18 08:42:51', '2019-07-18 08:42:51'),
(145, 10, '2019-07-18 08:43:54', '2019-07-18 08:43:54'),
(146, 10, '2019-07-18 08:44:07', '2019-07-18 08:44:07'),
(147, 10, '2019-07-18 08:44:31', '2019-07-18 08:44:31'),
(148, 10, '2019-07-18 08:44:48', '2019-07-18 08:44:48'),
(149, 10, '2019-07-18 08:44:59', '2019-07-18 08:44:59'),
(150, 10, '2019-07-18 08:45:13', '2019-07-18 08:45:13'),
(151, 10, '2019-07-18 08:45:26', '2019-07-18 08:45:26'),
(152, 10, '2019-07-18 08:45:47', '2019-07-18 08:45:47'),
(153, 11, '2019-07-18 08:47:30', '2019-07-18 08:47:30'),
(154, 11, '2019-07-18 08:47:44', '2019-07-18 08:47:44'),
(155, 11, '2019-07-18 08:47:59', '2019-07-18 08:47:59'),
(156, 11, '2019-07-18 08:48:22', '2019-07-18 08:48:22'),
(157, 11, '2019-07-18 08:48:44', '2019-07-18 08:48:44'),
(158, 11, '2019-07-18 08:49:18', '2019-07-18 08:49:18'),
(159, 11, '2019-07-18 08:53:17', '2019-07-18 08:53:17'),
(160, 11, '2019-07-18 08:53:51', '2019-07-18 08:53:51'),
(161, 11, '2019-07-18 08:54:23', '2019-07-18 08:54:23'),
(162, 11, '2019-07-18 08:54:38', '2019-07-18 08:54:38'),
(163, 11, '2019-07-18 08:54:56', '2019-07-18 08:54:56'),
(164, 11, '2019-07-18 08:55:11', '2019-07-18 08:55:11'),
(165, 11, '2019-07-18 08:56:40', '2019-07-18 08:56:40'),
(166, 11, '2019-07-18 08:56:52', '2019-07-18 08:56:52'),
(167, 11, '2019-07-18 08:58:14', '2019-07-18 08:58:14'),
(168, 11, '2019-07-18 08:58:48', '2019-07-18 08:58:48'),
(169, 11, '2019-07-18 09:00:38', '2019-07-18 09:00:38'),
(170, 11, '2019-07-18 09:00:50', '2019-07-18 09:00:50'),
(171, 11, '2019-07-18 09:01:02', '2019-07-18 09:01:02'),
(172, 11, '2019-07-18 09:01:31', '2019-07-18 09:01:31'),
(173, 11, '2019-07-18 09:02:13', '2019-07-18 09:02:13'),
(174, 11, '2019-07-18 09:03:20', '2019-07-18 09:03:20'),
(175, 11, '2019-07-18 09:03:42', '2019-07-18 09:03:42'),
(176, 11, '2019-07-18 09:05:00', '2019-07-18 09:05:00'),
(177, 11, '2019-07-18 09:05:16', '2019-07-18 09:05:16'),
(178, 11, '2019-07-18 09:05:34', '2019-07-18 09:05:34'),
(179, 11, '2019-07-18 09:05:46', '2019-07-18 09:05:46'),
(180, 11, '2019-07-18 09:06:12', '2019-07-18 09:06:12'),
(181, 11, '2019-07-18 09:06:25', '2019-07-18 09:06:25'),
(182, 11, '2019-07-18 09:07:16', '2019-07-18 09:07:16'),
(183, 11, '2019-07-18 09:07:27', '2019-07-18 09:07:27'),
(184, 11, '2019-07-18 09:07:43', '2019-07-18 09:07:43'),
(185, 11, '2019-07-18 09:08:56', '2019-07-18 09:08:56'),
(186, 11, '2019-07-18 09:09:12', '2019-07-18 09:09:12'),
(187, 11, '2019-07-18 09:09:36', '2019-07-18 09:09:36'),
(188, 11, '2019-07-18 09:09:55', '2019-07-18 09:09:55'),
(189, 12, '2019-07-18 09:12:48', '2019-07-18 09:12:48'),
(190, 12, '2019-07-18 09:14:42', '2019-07-18 09:14:42'),
(191, 12, '2019-07-18 09:14:53', '2019-07-18 09:14:53'),
(192, 12, '2019-07-18 09:15:10', '2019-07-18 09:15:10'),
(193, 12, '2019-07-18 09:15:53', '2019-07-18 09:15:53'),
(194, 12, '2019-07-18 09:16:13', '2019-07-18 09:16:13'),
(195, 12, '2019-07-18 09:16:31', '2019-07-18 09:16:31'),
(196, 12, '2019-07-18 09:16:47', '2019-07-18 09:16:47'),
(197, 12, '2019-07-18 09:17:04', '2019-07-18 09:17:04'),
(198, 12, '2019-07-18 09:17:35', '2019-07-18 09:17:35'),
(199, 12, '2019-07-18 09:18:11', '2019-07-18 09:18:11'),
(200, 12, '2019-07-18 09:19:15', '2019-07-18 09:19:15'),
(201, 12, '2019-07-18 09:19:29', '2019-07-18 09:19:29'),
(202, 12, '2019-07-18 09:19:51', '2019-07-18 09:19:51'),
(203, 12, '2019-07-18 09:21:05', '2019-07-18 09:21:05'),
(204, 12, '2019-07-18 09:21:46', '2019-07-18 09:21:46'),
(205, 12, '2019-07-18 09:21:59', '2019-07-18 09:21:59'),
(206, 12, '2019-07-18 09:22:12', '2019-07-18 09:22:12'),
(207, 12, '2019-07-18 09:22:39', '2019-07-18 09:22:39'),
(208, 12, '2019-07-18 09:22:51', '2019-07-18 09:22:51'),
(209, 12, '2019-07-18 09:23:04', '2019-07-18 09:23:04'),
(210, 12, '2019-07-18 09:23:24', '2019-07-18 09:23:24'),
(211, 12, '2019-07-18 09:24:15', '2019-07-18 09:24:15'),
(212, 12, '2019-07-18 09:24:28', '2019-07-18 09:24:28'),
(213, 12, '2019-07-18 09:24:45', '2019-07-18 09:24:45'),
(214, 12, '2019-07-18 09:25:25', '2019-07-18 09:25:25'),
(215, 12, '2019-07-18 09:25:40', '2019-07-18 09:25:40'),
(216, 12, '2019-07-18 09:26:02', '2019-07-18 09:26:02'),
(217, 13, '2019-07-18 09:29:36', '2019-07-18 09:29:36'),
(218, 13, '2019-07-18 09:30:30', '2019-07-18 09:30:30'),
(219, 13, '2019-07-18 09:30:44', '2019-07-18 09:30:44'),
(220, 13, '2019-07-18 09:31:05', '2019-07-18 09:31:05'),
(221, 13, '2019-07-18 09:31:19', '2019-07-18 09:31:19'),
(222, 13, '2019-07-18 09:31:41', '2019-07-18 09:31:41'),
(223, 13, '2019-07-18 09:37:53', '2019-07-18 09:37:53'),
(224, 13, '2019-07-18 09:38:03', '2019-07-18 09:38:03'),
(225, 13, '2019-07-18 09:38:14', '2019-07-18 09:38:14'),
(226, 13, '2019-07-18 09:38:36', '2019-07-18 09:38:36'),
(227, 13, '2019-07-18 09:39:34', '2019-07-18 09:39:34'),
(228, 13, '2019-07-18 09:39:58', '2019-07-18 09:39:58'),
(229, 13, '2019-07-18 09:40:18', '2019-07-18 09:40:18'),
(230, 13, '2019-07-18 09:41:15', '2019-07-18 09:41:15'),
(231, 13, '2019-07-18 09:41:38', '2019-07-18 09:41:38'),
(232, 13, '2019-07-18 09:42:50', '2019-07-18 09:42:50'),
(233, 13, '2019-07-18 09:43:00', '2019-07-18 09:43:00'),
(234, 13, '2019-07-18 09:43:16', '2019-07-18 09:43:16'),
(235, 13, '2019-07-18 09:43:33', '2019-07-18 09:43:33'),
(236, 13, '2019-07-18 09:43:46', '2019-07-18 09:43:46'),
(237, 13, '2019-07-18 09:44:37', '2019-07-18 09:44:37'),
(238, 13, '2019-07-18 09:44:50', '2019-07-18 09:44:50'),
(239, 13, '2019-07-18 09:45:02', '2019-07-18 09:45:02'),
(240, 13, '2019-07-18 09:45:20', '2019-07-18 09:45:20'),
(241, 13, '2019-07-18 09:45:36', '2019-07-18 09:45:36'),
(242, 14, '2019-07-19 07:13:19', '2019-07-19 07:13:19'),
(243, 14, '2019-07-19 07:14:02', '2019-07-19 07:14:02'),
(244, 14, '2019-07-19 07:17:14', '2019-07-19 07:17:14'),
(245, 14, '2019-07-19 07:17:41', '2019-07-19 07:17:41'),
(246, 14, '2019-07-19 07:18:02', '2019-07-19 07:18:02'),
(247, 14, '2019-07-19 07:21:26', '2019-07-19 07:21:26'),
(248, 14, '2019-07-19 07:21:41', '2019-07-19 07:21:41'),
(249, 14, '2019-07-19 07:21:58', '2019-07-19 07:21:58'),
(250, 14, '2019-07-19 07:22:22', '2019-07-19 07:22:22'),
(251, 14, '2019-07-19 07:22:55', '2019-07-19 07:22:55'),
(252, 14, '2019-07-19 07:23:31', '2019-07-19 07:23:31'),
(253, 14, '2019-07-19 07:23:47', '2019-07-19 07:23:47'),
(254, 14, '2019-07-19 07:24:05', '2019-07-19 07:24:05'),
(255, 14, '2019-07-19 07:24:54', '2019-07-19 07:24:54'),
(256, 14, '2019-07-19 07:26:02', '2019-07-19 07:26:02'),
(257, 14, '2019-07-19 07:26:23', '2019-07-19 07:26:23'),
(258, 14, '2019-07-19 07:29:12', '2019-07-19 07:29:12'),
(259, 14, '2019-07-19 07:29:42', '2019-07-19 07:29:42'),
(260, 14, '2019-07-19 07:33:22', '2019-07-19 07:33:22'),
(261, 14, '2019-07-19 07:34:17', '2019-07-19 07:34:17'),
(262, 14, '2019-07-19 07:34:30', '2019-07-19 07:34:30'),
(263, 14, '2019-07-19 07:36:06', '2019-07-19 07:36:06'),
(265, 14, '2019-07-19 07:36:35', '2019-07-19 07:36:35'),
(266, 14, '2019-07-19 07:38:41', '2019-07-19 07:38:41'),
(267, 14, '2019-07-19 07:39:57', '2019-07-19 07:39:57'),
(268, 14, '2019-07-19 07:40:11', '2019-07-19 07:40:11'),
(269, 15, '2019-07-19 07:42:24', '2019-07-19 07:42:24'),
(270, 15, '2019-07-19 07:42:44', '2019-07-19 07:45:29'),
(271, 15, '2019-07-19 07:43:42', '2019-07-19 07:43:42'),
(272, 15, '2019-07-19 07:44:28', '2019-07-19 07:44:28'),
(273, 15, '2019-07-19 07:48:14', '2019-07-19 07:48:14'),
(274, 15, '2019-07-19 07:49:25', '2019-07-19 07:49:25'),
(275, 15, '2019-07-19 07:50:07', '2019-07-19 07:50:07'),
(276, 15, '2019-07-19 07:50:32', '2019-07-19 07:50:32'),
(277, 15, '2019-07-19 07:53:23', '2019-07-19 07:53:23'),
(278, 15, '2019-07-19 07:53:39', '2019-07-19 07:53:39'),
(279, 16, '2019-07-19 07:56:03', '2019-07-19 07:56:03'),
(280, 16, '2019-07-19 07:56:20', '2019-07-19 07:56:20'),
(281, 16, '2019-07-19 07:56:39', '2019-07-19 07:56:39'),
(282, 16, '2019-07-19 07:56:55', '2019-07-19 07:56:55'),
(283, 16, '2019-07-19 07:57:15', '2019-07-19 07:57:15'),
(284, 16, '2019-07-19 07:57:41', '2019-07-19 07:57:41'),
(285, 16, '2019-07-19 07:57:55', '2019-07-19 07:57:55'),
(286, 16, '2019-07-19 07:59:10', '2019-07-19 07:59:10'),
(287, 16, '2019-07-19 08:01:14', '2019-07-19 08:01:14'),
(288, 16, '2019-07-19 08:01:28', '2019-07-19 08:01:28'),
(289, 16, '2019-07-19 08:01:49', '2019-07-19 08:01:49'),
(290, 16, '2019-07-19 08:03:48', '2019-07-19 08:03:48'),
(291, 16, '2019-07-19 08:05:04', '2019-07-19 08:05:04'),
(292, 16, '2019-07-19 08:06:39', '2019-07-19 08:06:39'),
(293, 16, '2019-07-19 08:06:53', '2019-07-19 08:06:53'),
(294, 16, '2019-07-19 08:07:13', '2019-07-19 08:07:13'),
(295, 16, '2019-07-19 08:09:21', '2019-07-19 08:09:21'),
(296, 16, '2019-07-19 08:09:35', '2019-07-19 08:09:35'),
(297, 16, '2019-07-19 08:10:12', '2019-07-19 08:10:12'),
(298, 16, '2019-07-19 08:10:31', '2019-07-19 08:10:31'),
(299, 16, '2019-07-19 08:10:56', '2019-07-19 08:10:56'),
(300, 16, '2019-07-19 08:11:10', '2019-07-19 08:11:10'),
(301, 16, '2019-07-19 08:13:01', '2019-07-19 08:13:01'),
(302, 16, '2019-07-19 08:13:15', '2019-07-19 08:13:15'),
(303, 16, '2019-07-19 08:16:03', '2019-07-19 08:16:03'),
(304, 16, '2019-07-19 08:16:31', '2019-07-19 08:16:31'),
(305, 16, '2019-07-19 08:16:40', '2019-07-19 08:16:40'),
(306, 16, '2019-07-19 08:16:57', '2019-07-19 08:16:57'),
(307, 16, '2019-07-19 08:17:13', '2019-07-19 08:17:13'),
(308, 16, '2019-07-19 08:17:59', '2019-07-19 08:17:59'),
(309, 16, '2019-07-19 08:18:13', '2019-07-19 08:18:13'),
(310, 2, '2019-08-01 07:26:47', '2019-08-01 07:26:47'),
(311, 17, '2019-08-01 11:19:48', '2019-08-01 11:19:48'),
(312, 17, '2019-08-01 11:20:56', '2019-08-01 11:20:56'),
(313, 17, '2019-08-01 11:21:36', '2019-08-01 11:21:36'),
(314, 2, '2019-08-06 04:41:33', '2019-08-06 04:41:33'),
(315, 2, '2019-08-12 06:38:31', '2019-08-12 06:38:31'),
(316, 18, '2019-08-15 10:45:53', '2019-08-15 10:45:53'),
(317, 18, '2019-08-15 10:46:41', '2019-08-15 10:46:41'),
(318, 18, '2019-08-15 10:48:15', '2019-08-15 10:48:15'),
(319, 2, '2019-08-16 05:39:36', '2019-08-16 05:39:36'),
(320, 2, '2019-08-26 09:00:56', '2019-08-26 09:00:56'),
(321, 2, '2019-08-30 04:33:31', '2019-08-30 04:33:31');

-- --------------------------------------------------------

--
-- Table structure for table `township_descriptions`
--

CREATE TABLE `township_descriptions` (
  `id` int UNSIGNED NOT NULL,
  `description_name` varchar(255) CHARACTER SET utf8mb4 COLLATE utf8mb4_unicode_ci NOT NULL,
  `language_id` int NOT NULL,
  `townships_id` int NOT NULL,
  `created_at` timestamp NULL DEFAULT NULL,
  `updated_at` timestamp NULL DEFAULT NULL
) ENGINE=InnoDB DEFAULT CHARSET=utf8mb4 COLLATE=utf8mb4_unicode_ci;

--
-- Dumping data for table `township_descriptions`
--

INSERT INTO `township_descriptions` (`id`, `description_name`, `language_id`, `townships_id`, `created_at`, `updated_at`) VALUES
(1, 'HPA KANT', 1, 1, '2019-06-12 03:43:50', '2019-07-11 12:38:08'),
(2, 'ဖားကန့်', 3, 1, '2019-06-12 03:43:50', '2019-07-11 12:38:08'),
(3, 'SAN CHAUNG', 1, 2, '2019-06-12 05:05:13', '2019-07-11 12:37:48'),
(4, 'စမ်းချောင်း', 3, 2, '2019-06-12 05:05:13', '2019-07-11 12:37:48'),
(7, 'KYIMYINDINE', 1, 4, '2019-07-11 12:36:42', '2019-07-11 12:36:42'),
(8, 'ကြည့်မြင်တိုင်', 3, 4, '2019-07-11 12:36:42', '2019-07-11 12:36:42'),
(9, 'HLAING THAR YAR', 1, 5, '2019-07-11 12:37:14', '2019-07-18 06:03:02'),
(10, 'လှိုင်သာယာ', 3, 5, '2019-07-11 12:37:14', '2019-07-18 06:03:02'),
(11, 'TAMWE', 1, 6, '2019-07-11 12:37:32', '2019-07-18 05:43:25'),
(12, 'တာမွေ', 3, 6, '2019-07-11 12:37:32', '2019-07-18 05:43:25'),
(13, 'MYIT KYEE NARR', 1, 7, '2019-07-11 12:38:49', '2020-02-21 07:48:06'),
(14, 'မြစ်ကြီးနား', 3, 7, '2019-07-11 12:38:49', '2020-02-21 07:48:06'),
(15, 'AHLONE', 1, 8, '2019-07-18 05:25:37', '2019-07-18 05:25:37'),
(16, 'အလုံ', 3, 8, '2019-07-18 05:25:37', '2019-07-18 05:25:37'),
(17, 'BHAMO', 1, 9, '2019-07-18 05:32:31', '2019-07-18 06:21:15'),
(18, 'ဗန်းမော်', 3, 9, '2019-07-18 05:32:31', '2019-07-18 06:21:15'),
(19, 'MACHANBAW', 1, 10, '2019-07-18 05:33:32', '2019-07-18 06:22:41'),
(20, 'မချမ်းဘော', 3, 10, '2019-07-18 05:33:32', '2019-07-18 06:22:41'),
(21, 'MANSI', 1, 11, '2019-07-18 05:33:57', '2019-07-18 06:23:09'),
(22, 'မံစီ', 3, 11, '2019-07-18 05:33:57', '2019-07-18 06:23:09'),
(23, 'MOGAUNG', 1, 12, '2019-07-18 05:34:25', '2019-07-18 06:23:21'),
(24, 'မိုးကောင်း', 3, 12, '2019-07-18 05:34:25', '2019-07-18 06:23:21'),
(25, 'MOHNYIN', 1, 13, '2019-07-18 05:34:53', '2019-07-18 06:23:41'),
(26, 'မိုးညှင်း', 3, 13, '2019-07-18 05:34:53', '2019-07-18 06:23:41'),
(27, 'MOMAUK', 1, 14, '2019-07-18 05:35:31', '2019-07-18 06:23:51'),
(28, 'မိုးမောက်', 3, 14, '2019-07-18 05:35:31', '2019-07-18 06:23:51'),
(29, 'PUTA-O', 1, 15, '2019-07-18 05:36:47', '2019-07-18 06:24:04'),
(30, 'ပူတာအို', 3, 15, '2019-07-18 05:36:47', '2019-07-18 06:24:04'),
(31, 'SHWEGU', 1, 16, '2019-07-18 05:37:27', '2019-07-18 06:24:54'),
(32, 'ရွှေကူ', 3, 16, '2019-07-18 05:37:27', '2019-07-18 06:24:54'),
(33, 'TANAI', 1, 17, '2019-07-18 05:37:58', '2019-07-18 06:25:02'),
(34, 'တနိုင်း', 3, 17, '2019-07-18 05:37:58', '2019-07-18 06:25:02'),
(35, 'WAINGMAW', 1, 18, '2019-07-18 05:38:24', '2019-07-18 06:25:15'),
(36, 'ဝိုင်းမော်', 3, 18, '2019-07-18 05:38:24', '2019-07-18 06:25:15'),
(37, 'BAHAN', 1, 19, '2019-07-18 05:39:07', '2019-07-18 06:25:22'),
(38, 'ဗဟန်း', 3, 19, '2019-07-18 05:39:07', '2019-07-18 06:25:22'),
(39, 'COCOKYUN', 1, 20, '2019-07-18 05:40:31', '2019-07-18 06:25:34'),
(40, 'ကိုကိုကျွန်း', 3, 20, '2019-07-18 05:40:31', '2019-07-18 06:25:34'),
(41, 'BOTAHTAUNG', 1, 21, '2019-07-18 05:58:04', '2019-07-18 06:25:52'),
(42, 'ဗိုလ်တထောင်', 3, 21, '2019-07-18 05:58:04', '2019-07-18 06:25:52'),
(43, 'DAGON', 1, 22, '2019-07-18 05:59:14', '2019-07-18 06:25:59'),
(44, 'ဒဂုံ', 3, 22, '2019-07-18 05:59:14', '2019-07-18 06:25:59'),
(45, 'DAGON MYOTHIT (EAST)', 1, 23, '2019-07-18 06:01:32', '2019-07-18 06:26:40'),
(46, 'အရှေ့ဒဂုံ', 3, 23, '2019-07-18 06:01:32', '2019-07-18 06:26:40'),
(47, 'DAGON MYOTHIT (NORTH)', 1, 24, '2019-07-18 06:02:32', '2019-07-18 06:27:04'),
(48, 'မြောက်ဒဂုံ', 3, 24, '2019-07-18 06:02:32', '2019-07-18 06:27:04'),
(49, 'HLEGU', 1, 25, '2019-07-18 06:04:21', '2019-07-18 06:27:49'),
(50, 'လှည်းကူး', 3, 25, '2019-07-18 06:04:21', '2019-07-18 06:27:49'),
(51, 'DAGON MYOTHIT (SEIKKAN)', 1, 26, '2019-07-18 06:04:45', '2019-07-18 06:28:42'),
(52, 'ဒဂုံဆိပ်ကမ်း', 3, 26, '2019-07-18 06:04:45', '2019-07-18 06:28:42'),
(53, 'DAGON MYOTHIT (SOUTH)', 1, 27, '2019-07-18 06:05:04', '2019-07-18 06:29:01'),
(54, 'တောင်ဒဂုံ', 3, 27, '2019-07-18 06:05:04', '2019-07-18 06:29:01'),
(55, 'DALA', 1, 28, '2019-07-18 06:05:27', '2019-07-18 06:30:31'),
(56, 'ဒလ', 3, 28, '2019-07-18 06:05:27', '2019-07-18 06:30:31'),
(57, 'DAWBON', 1, 29, '2019-07-18 06:05:53', '2019-07-18 06:30:43'),
(58, 'ဒေါပုံ', 3, 29, '2019-07-18 06:05:53', '2019-07-18 06:30:43'),
(59, 'HLAING', 1, 30, '2019-07-18 06:08:08', '2019-07-18 06:30:53'),
(60, 'လှိုင်', 3, 30, '2019-07-18 06:08:08', '2019-07-18 06:30:53'),
(61, 'HMAWBI', 1, 31, '2019-07-18 06:09:15', '2019-07-18 06:31:02'),
(62, 'မှော်ဘီ', 3, 31, '2019-07-18 06:09:16', '2019-07-18 06:31:02'),
(63, 'HTANTABIN', 1, 32, '2019-07-18 06:11:17', '2019-07-18 06:31:12'),
(64, 'ထန်းတပင်', 3, 32, '2019-07-18 06:11:17', '2019-07-18 06:31:12'),
(65, 'INSEIN', 1, 33, '2019-07-18 06:11:46', '2019-07-18 06:31:17'),
(66, 'အင်းစိန်', 3, 33, '2019-07-18 06:11:46', '2019-07-18 06:31:17'),
(67, 'KAMARYUT', 1, 34, '2019-07-18 06:14:36', '2019-07-18 06:33:46'),
(68, 'ကမာရွတ်', 3, 34, '2019-07-18 06:14:36', '2019-07-18 06:33:46'),
(69, 'KAWHMU', 1, 35, '2019-07-18 06:15:02', '2019-07-18 06:33:35'),
(70, 'ကော့မှူး', 3, 35, '2019-07-18 06:15:02', '2019-07-18 06:33:35'),
(71, 'KAYAN', 1, 36, '2019-07-18 06:15:44', '2019-07-18 06:33:27'),
(72, 'ခရမ်း', 3, 36, '2019-07-18 06:15:44', '2019-07-18 06:33:27'),
(73, 'KUNGYANGON', 1, 37, '2019-07-18 06:17:35', '2019-07-18 06:32:59'),
(74, 'ကွမ်းခြံကုန်း', 3, 37, '2019-07-18 06:17:36', '2019-07-18 06:32:59'),
(75, 'KYAUKTADA', 1, 38, '2019-07-18 06:18:43', '2019-07-18 06:34:41'),
(76, 'ကျောက်တံတား', 3, 38, '2019-07-18 06:18:43', '2019-07-18 06:34:41'),
(77, 'KYAUKTAN', 1, 39, '2019-07-18 06:19:10', '2019-07-18 06:32:43'),
(78, 'ကျောက်တန်း', 3, 39, '2019-07-18 06:19:10', '2019-07-18 06:32:43'),
(79, 'LANMADAW', 1, 40, '2019-07-18 06:19:40', '2019-07-18 06:32:23'),
(80, 'လမ်းမတော်', 3, 40, '2019-07-18 06:19:40', '2019-07-18 06:32:23'),
(81, 'LATHA', 1, 41, '2019-07-18 06:20:24', '2019-07-18 06:32:07'),
(82, 'လသာ', 3, 41, '2019-07-18 06:20:24', '2019-07-18 06:32:07'),
(83, 'MAYANGONE', 1, 42, '2019-07-18 06:35:52', '2019-07-18 06:35:52'),
(84, 'မရမ်းကုန်း', 3, 42, '2019-07-18 06:35:52', '2019-07-18 06:35:52'),
(85, 'MINGALADON', 1, 43, '2019-07-18 06:36:15', '2019-07-18 06:36:15'),
(86, 'မင်္ဂလာဒုံ', 3, 43, '2019-07-18 06:36:15', '2019-07-18 06:36:15'),
(87, 'MINGALARTAUNGNYUNT', 1, 44, '2019-07-18 06:37:47', '2019-07-18 06:37:47'),
(88, 'မင်္ဂလာတောင်ညွန့်', 3, 44, '2019-07-18 06:37:47', '2019-07-18 06:37:47'),
(89, 'NORTH OKKALAPA', 1, 45, '2019-07-18 06:39:08', '2019-07-18 06:39:08'),
(90, 'မြောက်ဥက္ကလာပ', 3, 45, '2019-07-18 06:39:08', '2019-07-18 06:39:08'),
(91, 'PABEDAN', 1, 46, '2019-07-18 06:39:32', '2019-07-18 06:39:32'),
(92, 'ပန်းဘဲတန်း', 3, 46, '2019-07-18 06:39:32', '2019-07-18 06:39:32'),
(93, 'PAZUNDAUNG', 1, 47, '2019-07-18 06:40:25', '2019-07-18 06:40:25'),
(94, 'ပုဇွန်တောင်', 3, 47, '2019-07-18 06:40:25', '2019-07-18 06:40:25'),
(95, 'SEIKGYIKANAUNGTO', 1, 48, '2019-07-18 06:41:04', '2019-07-18 06:41:04'),
(96, 'ဆိပ်ကြီးခနောင်တို', 3, 48, '2019-07-18 06:41:04', '2019-07-18 06:41:04'),
(97, 'SEIKKAN', 1, 49, '2019-07-18 06:41:54', '2019-07-18 06:41:54'),
(98, 'ဆိပ်ကမ်း', 3, 49, '2019-07-18 06:41:54', '2019-07-18 06:41:54'),
(99, 'SHWEPYITHAR', 1, 50, '2019-07-18 06:42:48', '2019-07-18 06:42:48'),
(100, 'ရွှေပြည်သာ', 3, 50, '2019-07-18 06:42:48', '2019-07-18 06:42:48'),
(101, 'SOUTH OKKALAPA', 1, 51, '2019-07-18 06:43:03', '2019-07-18 06:43:03'),
(102, 'တောင်ဥက္ကလာပ', 3, 51, '2019-07-18 06:43:03', '2019-07-18 06:43:03'),
(103, 'TAIKKY', 1, 52, '2019-07-18 06:43:29', '2019-07-18 06:43:29'),
(104, 'တိုက်ကြီး', 3, 52, '2019-07-18 06:43:29', '2019-07-18 06:43:29'),
(105, 'THAKETA', 1, 53, '2019-07-18 06:43:59', '2019-07-18 06:43:59'),
(106, 'သာကေတ', 3, 53, '2019-07-18 06:43:59', '2019-07-18 06:43:59'),
(107, 'THANLYIN', 1, 54, '2019-07-18 06:44:32', '2019-07-18 06:44:32'),
(108, 'သန်လျင်', 3, 54, '2019-07-18 06:44:32', '2019-07-18 06:44:32'),
(109, 'THINGANGKUUN', 1, 55, '2019-07-18 06:45:26', '2019-07-18 06:45:26'),
(110, 'သင်္ကန်းကျွန်း', 3, 55, '2019-07-18 06:45:26', '2019-07-18 06:45:26'),
(111, 'THONGWA', 1, 56, '2019-07-18 06:47:11', '2019-07-18 06:47:11'),
(112, 'သုံးခွ', 3, 56, '2019-07-18 06:47:11', '2019-07-18 06:47:11'),
(113, 'TWANTAY', 1, 57, '2019-07-18 06:47:39', '2019-07-18 06:47:39'),
(114, 'တွံ့တေး', 3, 57, '2019-07-18 06:47:39', '2019-07-18 06:47:39'),
(115, 'YANKIN', 1, 58, '2019-07-18 06:48:02', '2019-07-18 06:48:02'),
(116, 'ရန်ကင်း', 3, 58, '2019-07-18 06:48:02', '2019-07-18 06:48:02'),
(117, 'BILIN', 1, 59, '2019-07-18 07:17:54', '2019-07-18 07:17:54'),
(118, 'ဘးီလင်း', 3, 59, '2019-07-18 07:17:54', '2019-07-18 07:17:54'),
(119, 'CHAUNGZON', 1, 60, '2019-07-18 07:18:15', '2019-07-18 07:18:15'),
(120, 'ချောင်းဆုံ', 3, 60, '2019-07-18 07:18:15', '2019-07-18 07:18:15'),
(121, 'KYAIKMARAW', 1, 61, '2019-07-18 07:18:37', '2019-07-18 07:18:37'),
(122, 'ကျိုက်မရော', 3, 61, '2019-07-18 07:18:37', '2019-07-18 07:18:37'),
(123, 'KYAIKTO', 1, 62, '2019-07-18 07:19:36', '2019-07-18 07:19:36'),
(124, 'ကျိုက်ထို', 3, 62, '2019-07-18 07:19:36', '2019-07-18 07:19:36'),
(125, 'MAWLAMYINE', 1, 63, '2019-07-18 07:21:05', '2019-07-18 07:21:05'),
(126, 'မော်လမြိုင်', 3, 63, '2019-07-18 07:21:05', '2019-07-18 07:21:05'),
(127, 'MUDON', 1, 64, '2019-07-18 07:21:19', '2019-07-18 07:21:19'),
(128, 'မုဒုံ', 3, 64, '2019-07-18 07:21:19', '2019-07-18 07:21:19'),
(129, 'MUDON', 1, 65, '2019-07-18 07:21:40', '2019-07-18 07:21:40'),
(130, 'မုဒုံ', 3, 65, '2019-07-18 07:21:40', '2019-07-18 07:21:40'),
(131, 'PAUNG', 1, 66, '2019-07-18 07:22:48', '2019-07-18 07:22:48'),
(132, 'ပေါင်', 3, 66, '2019-07-18 07:22:48', '2019-07-18 07:22:48'),
(133, 'THANBYUZAYAT', 1, 67, '2019-07-18 07:23:07', '2019-07-18 07:23:07'),
(134, 'သံဖြူဇရပ်', 3, 67, '2019-07-18 07:23:07', '2019-07-18 07:23:07'),
(135, 'THATON', 1, 68, '2019-07-18 07:23:30', '2019-07-18 07:23:30'),
(136, 'သထုံ', 3, 68, '2019-07-18 07:23:30', '2019-07-18 07:23:30'),
(137, 'YE', 1, 69, '2019-07-18 07:28:32', '2019-07-18 07:28:32'),
(138, 'ရေး', 3, 69, '2019-07-18 07:28:32', '2019-07-18 07:28:32'),
(139, 'BAWLAKHE', 1, 70, '2019-07-18 07:35:34', '2019-07-18 07:35:34'),
(140, 'ဘော်လခဲ', 3, 70, '2019-07-18 07:35:34', '2019-07-18 07:35:34'),
(141, 'DEMOSO', 1, 71, '2019-07-18 07:36:05', '2019-07-18 07:36:05'),
(142, 'ဒီးမော့ဆို', 3, 71, '2019-07-18 07:36:05', '2019-07-18 07:36:05'),
(143, 'HPASAWNG', 1, 72, '2019-07-18 07:37:03', '2019-07-18 07:37:03'),
(144, 'ဖားဆောင်း', 3, 72, '2019-07-18 07:37:03', '2019-07-18 07:37:03'),
(145, 'HPRUSO', 1, 73, '2019-07-18 07:38:45', '2019-07-18 07:38:45'),
(146, 'ဖရူးဆိုး', 3, 73, '2019-07-18 07:38:45', '2019-07-18 07:38:45'),
(147, 'LOIKAW', 1, 74, '2019-07-18 07:46:09', '2019-07-18 07:46:09'),
(148, 'လွိုင်ကော်', 3, 74, '2019-07-18 07:46:09', '2019-07-18 07:46:09'),
(149, 'MESE', 1, 75, '2019-07-18 07:46:20', '2019-07-18 07:46:20'),
(150, 'မဲ့စဲ', 3, 75, '2019-07-18 07:46:20', '2019-07-18 07:46:20'),
(151, 'SHADAW', 1, 76, '2019-07-18 07:46:34', '2019-07-18 07:46:34'),
(152, 'ရှားတော', 3, 76, '2019-07-18 07:46:34', '2019-07-18 07:46:34'),
(153, 'HLAINGBWE', 1, 77, '2019-07-18 07:47:31', '2019-07-18 07:47:31'),
(154, 'လှိုင်းဘွဲ့', 3, 77, '2019-07-18 07:47:31', '2019-07-18 07:47:31'),
(155, 'HPA-AN', 1, 78, '2019-07-18 07:47:49', '2019-07-18 07:47:49'),
(156, 'ဘားအံ', 3, 78, '2019-07-18 07:47:49', '2019-07-18 07:47:49'),
(157, 'HPAPUN', 1, 79, '2019-07-18 07:48:05', '2019-07-18 07:48:05'),
(158, 'ဖာပွန်', 3, 79, '2019-07-18 07:48:05', '2019-07-18 07:48:05'),
(159, 'KAWKAREIK', 1, 80, '2019-07-18 07:49:56', '2019-07-18 07:49:56'),
(160, 'ကော့ကရိတ်', 3, 80, '2019-07-18 07:49:56', '2019-07-18 07:49:56'),
(161, 'KYAIN SEIKGY', 1, 81, '2019-07-18 07:50:17', '2019-07-18 07:50:17'),
(162, 'ကြာအင်းဆိပ်ကြီး', 3, 81, '2019-07-18 07:50:17', '2019-07-18 07:50:17'),
(163, 'MYAWADDY', 1, 82, '2019-07-18 07:50:48', '2019-07-18 07:50:48'),
(164, 'မြဝတီ', 3, 82, '2019-07-18 07:50:48', '2019-07-18 07:50:48'),
(165, 'THANDAUNG', 1, 83, '2019-07-18 07:51:02', '2019-07-18 07:51:02'),
(166, 'သံတောင်', 3, 83, '2019-07-18 07:51:02', '2019-07-18 07:51:02'),
(167, 'FALAM', 1, 84, '2019-07-18 07:53:11', '2019-07-18 07:53:11'),
(168, 'ဖလမ်း', 3, 84, '2019-07-18 07:53:11', '2019-07-18 07:53:11'),
(169, 'HAKHA', 1, 85, '2019-07-18 07:53:28', '2019-07-18 07:53:28'),
(170, 'ဟားခါး', 3, 85, '2019-07-18 07:53:28', '2019-07-18 07:53:28'),
(171, 'HTANTLANG', 1, 86, '2019-07-18 07:54:03', '2019-07-18 07:54:03'),
(172, 'ထန်တလန်', 3, 86, '2019-07-18 07:54:03', '2019-07-18 07:54:03'),
(173, 'KANPETLET', 1, 87, '2019-07-18 07:54:26', '2019-07-18 07:54:26'),
(174, 'ကန်ပက်လက်', 3, 87, '2019-07-18 07:54:26', '2019-07-18 07:54:26'),
(175, 'MADUPI', 1, 88, '2019-07-18 07:55:39', '2019-07-18 07:55:39'),
(176, 'မတူပီ', 3, 88, '2019-07-18 07:55:39', '2019-07-18 07:55:39'),
(177, 'MINDAT', 1, 89, '2019-07-18 07:56:05', '2019-07-18 07:56:05'),
(178, 'မင်းတပ်', 3, 89, '2019-07-18 07:56:05', '2019-07-18 07:56:05'),
(179, 'TIDDIM', 1, 90, '2019-07-18 07:56:33', '2019-07-18 07:56:33'),
(180, 'တီးတိန်', 3, 90, '2019-07-18 07:56:33', '2019-07-18 07:56:33'),
(181, 'TONZANG', 1, 91, '2019-07-18 07:56:54', '2019-07-18 07:56:54'),
(182, 'တွန်းဇံ', 3, 91, '2019-07-18 07:56:54', '2019-07-18 07:56:54'),
(183, 'ANN', 1, 92, '2019-07-18 07:58:16', '2019-07-18 07:58:16'),
(184, 'အမ်း', 3, 92, '2019-07-18 07:58:16', '2019-07-18 07:58:16'),
(185, 'BUTHIDAUNG', 1, 93, '2019-07-18 07:58:33', '2019-07-18 07:58:33'),
(186, 'ဘူးသီးတောင်', 3, 93, '2019-07-18 07:58:33', '2019-07-18 07:58:33'),
(187, 'GWA', 1, 94, '2019-07-18 07:59:03', '2019-07-18 07:59:03'),
(188, 'ဂွ', 3, 94, '2019-07-18 07:59:03', '2019-07-18 07:59:03'),
(189, 'KYAUKPYU', 1, 95, '2019-07-18 07:59:46', '2019-07-18 07:59:46'),
(190, 'ကျောက်ဖြူ', 3, 95, '2019-07-18 07:59:46', '2019-07-18 07:59:46'),
(191, 'KYAUKTAW', 1, 96, '2019-07-18 08:00:16', '2019-07-18 08:00:16'),
(192, 'ကျောက်တော်', 3, 96, '2019-07-18 08:00:16', '2019-07-18 08:00:16'),
(193, 'MAUNGDAW', 1, 97, '2019-07-18 08:00:39', '2019-07-18 08:00:39'),
(194, 'မောင်တော', 3, 97, '2019-07-18 08:00:39', '2019-07-18 08:00:39'),
(195, 'MINBYA', 1, 98, '2019-07-18 08:00:57', '2019-07-18 08:00:57'),
(196, 'မင်းပြား', 3, 98, '2019-07-18 08:00:57', '2019-07-18 08:00:57'),
(197, 'MRAUK-U', 1, 99, '2019-07-18 08:01:32', '2019-07-18 08:01:32'),
(198, 'မြောက်ဦး', 3, 99, '2019-07-18 08:01:32', '2019-07-18 08:01:32'),
(199, 'MUNAUNG', 1, 100, '2019-07-18 08:02:15', '2019-07-18 08:02:15'),
(200, 'မာန်အောင်', 3, 100, '2019-07-18 08:02:15', '2019-07-18 08:02:15'),
(201, 'MYEBON', 1, 101, '2019-07-18 08:02:30', '2019-07-18 08:02:30'),
(202, 'မြေပုံ', 3, 101, '2019-07-18 08:02:30', '2019-07-18 08:02:30'),
(203, 'PAUKTAW', 1, 102, '2019-07-18 08:02:46', '2019-07-18 08:02:46'),
(204, 'ပေါက်တော', 3, 102, '2019-07-18 08:02:46', '2019-07-18 08:02:46'),
(205, 'PONNAGYUN', 1, 103, '2019-07-18 08:03:10', '2019-07-18 08:03:10'),
(206, 'ပုဏ္ဏားကျွန်း', 3, 103, '2019-07-18 08:03:10', '2019-07-18 08:03:10'),
(207, 'RATHEDAUNG', 1, 104, '2019-07-18 08:03:52', '2019-07-18 08:03:52'),
(208, 'ရသေ့တောင်', 3, 104, '2019-07-18 08:03:52', '2019-07-18 08:03:52'),
(209, 'SITTWE', 1, 105, '2019-07-18 08:04:17', '2019-07-18 08:04:17'),
(210, 'စစ်တွေ', 3, 105, '2019-07-18 08:04:17', '2019-07-18 08:04:17'),
(211, 'THANDWE', 1, 106, '2019-07-18 08:04:59', '2019-07-18 08:04:59'),
(212, 'သံတွဲ', 3, 106, '2019-07-18 08:04:59', '2019-07-18 08:04:59'),
(213, 'HOPANG', 1, 107, '2019-07-18 08:10:23', '2019-07-18 08:10:23'),
(214, 'ဟိုပန်', 3, 107, '2019-07-18 08:10:23', '2019-07-18 08:10:23'),
(215, 'HSENI', 1, 108, '2019-07-18 08:10:47', '2019-07-18 08:10:47'),
(216, 'သိန္နီ', 3, 108, '2019-07-18 08:10:47', '2019-07-18 08:10:47'),
(217, 'HSIPAW', 1, 109, '2019-07-18 08:11:06', '2019-07-18 08:15:05'),
(218, 'သီပေါ', 3, 109, '2019-07-18 08:11:06', '2019-07-18 08:15:05'),
(219, 'KUNLONG', 1, 110, '2019-07-18 08:11:39', '2019-07-18 08:11:39'),
(220, 'ကွန်လုံ', 3, 110, '2019-07-18 08:11:39', '2019-07-18 08:11:39'),
(221, 'KUTKAI', 1, 111, '2019-07-18 08:12:02', '2019-07-18 08:12:02'),
(222, 'ကွတ်ခိုင်', 3, 111, '2019-07-18 08:12:02', '2019-07-18 08:12:02'),
(223, 'KYUAKME', 1, 112, '2019-07-18 08:12:36', '2019-07-18 08:12:36'),
(224, 'ကျောက်မဲ', 3, 112, '2019-07-18 08:12:36', '2019-07-18 08:12:36'),
(225, 'LASHIO', 1, 113, '2019-07-18 08:12:56', '2019-07-18 08:12:56'),
(226, 'လားရှိုး', 3, 113, '2019-07-18 08:12:56', '2019-07-18 08:12:56'),
(227, 'LAUKKAING', 1, 114, '2019-07-18 08:13:19', '2019-07-18 08:13:19'),
(228, 'လောက်ကိုင်', 3, 114, '2019-07-18 08:13:19', '2019-07-18 08:13:19'),
(229, 'MABEIN', 1, 115, '2019-07-18 08:13:44', '2019-07-18 08:13:44'),
(230, 'မဘိမ်း', 3, 115, '2019-07-18 08:13:44', '2019-07-18 08:13:44'),
(231, 'MANTON', 1, 116, '2019-07-18 08:14:04', '2019-07-18 08:14:04'),
(232, 'မန်တုံ', 3, 116, '2019-07-18 08:14:04', '2019-07-18 08:14:04'),
(233, 'TANGYAN', 1, 117, '2019-07-18 08:16:13', '2019-07-18 08:16:13'),
(234, 'တန့်ယန်း', 3, 117, '2019-07-18 08:16:13', '2019-07-18 08:16:13'),
(235, 'NAWNGHKIO', 1, 118, '2019-07-18 08:19:54', '2019-07-18 08:19:54'),
(236, 'နောင်ချို', 3, 118, '2019-07-18 08:19:54', '2019-07-18 08:19:54'),
(237, 'NANHKAN', 1, 119, '2019-07-18 08:20:56', '2019-07-18 08:20:56'),
(238, 'နမ့်ခမ်း', 3, 119, '2019-07-18 08:20:56', '2019-07-18 08:20:56'),
(239, 'NAMTU', 1, 120, '2019-07-18 08:21:14', '2019-07-18 08:21:14'),
(240, 'နမ္မတူ', 3, 120, '2019-07-18 08:21:14', '2019-07-18 08:21:14'),
(241, 'MONGMIT', 1, 121, '2019-07-18 08:22:52', '2019-07-18 08:22:52'),
(242, 'မိုးမိတ်', 3, 121, '2019-07-18 08:22:52', '2019-07-18 08:22:52'),
(243, 'MONGYAI', 1, 122, '2019-07-18 08:23:13', '2019-07-18 08:23:13'),
(244, 'မိုင်းရယ်', 3, 122, '2019-07-18 08:23:13', '2019-07-18 08:23:13'),
(245, 'MUSE', 1, 123, '2019-07-18 08:23:52', '2019-07-18 08:23:52'),
(246, 'မူဆယ်', 3, 123, '2019-07-18 08:23:53', '2019-07-18 08:23:53'),
(247, 'NAMHSAN', 1, 124, '2019-07-18 08:24:09', '2019-07-18 08:24:09'),
(248, 'နမ့်ဆန်', 3, 124, '2019-07-18 08:24:09', '2019-07-18 08:24:09'),
(249, 'KENGTUNG', 1, 125, '2019-07-18 08:29:25', '2019-07-18 08:29:25'),
(250, 'ကျိုင်းတုံ', 3, 125, '2019-07-18 08:29:25', '2019-07-18 08:29:25'),
(251, 'MONGHPYAK', 1, 126, '2019-07-18 08:29:43', '2019-07-18 08:29:43'),
(252, 'မိုင်းဖြတ်', 3, 126, '2019-07-18 08:29:43', '2019-07-18 08:29:43'),
(253, 'MONGHSAT', 1, 127, '2019-07-18 08:30:00', '2019-07-18 08:30:00'),
(254, 'မိုင်းဆတ်', 3, 127, '2019-07-18 08:30:00', '2019-07-18 08:30:00'),
(255, 'MONGKHET', 1, 128, '2019-07-18 08:30:20', '2019-07-18 08:30:20'),
(256, 'မိုင်းခတ်', 3, 128, '2019-07-18 08:30:20', '2019-07-18 08:30:20'),
(257, 'MONGPING', 1, 129, '2019-07-18 08:30:48', '2019-07-18 08:30:48'),
(258, 'မိုင်းပြင်း', 3, 129, '2019-07-18 08:30:48', '2019-07-18 08:30:48'),
(259, 'MONGTON', 1, 130, '2019-07-18 08:31:02', '2019-07-18 08:31:02'),
(260, 'မိုင်းတုံ', 3, 130, '2019-07-18 08:31:02', '2019-07-18 08:31:02'),
(261, 'MONGYANG', 1, 131, '2019-07-18 08:31:23', '2019-07-18 08:31:23'),
(262, 'မိုင်းယန်း', 3, 131, '2019-07-18 08:31:23', '2019-07-18 08:31:23'),
(263, 'TACHILEIK', 1, 132, '2019-07-18 08:32:55', '2019-07-18 08:32:55'),
(264, 'တာချီလိတ်', 3, 132, '2019-07-18 08:32:55', '2019-07-18 08:32:55'),
(265, 'MONGYAWNG', 1, 133, '2019-07-18 08:33:10', '2019-07-18 08:33:10'),
(266, 'မိုင်းယောင်း', 3, 133, '2019-07-18 08:33:10', '2019-07-18 08:33:10'),
(267, 'YWANGAN', 1, 134, '2019-07-18 08:36:41', '2019-07-18 08:36:41'),
(268, 'ရွာငံ', 3, 134, '2019-07-18 08:36:41', '2019-07-18 08:36:41'),
(269, 'TAUNGGYI', 1, 135, '2019-07-18 08:36:55', '2019-07-18 08:36:55'),
(270, 'တောင်ကြီး', 3, 135, '2019-07-18 08:36:55', '2019-07-18 08:36:55'),
(271, 'PINLAUNG', 1, 136, '2019-07-18 08:37:20', '2019-07-18 08:37:20'),
(272, 'ပင်လောင်း', 3, 136, '2019-07-18 08:37:20', '2019-07-18 08:37:20'),
(273, 'PINDAYA', 1, 137, '2019-07-18 08:37:39', '2019-07-18 08:37:39'),
(274, 'ပင်းတယ', 3, 137, '2019-07-18 08:37:39', '2019-07-18 08:37:39'),
(275, 'PEKON', 1, 138, '2019-07-18 08:37:51', '2019-07-18 08:37:51'),
(276, 'ဖယ်ခုံ', 3, 138, '2019-07-18 08:37:51', '2019-07-18 08:37:51'),
(277, 'NYAUNGSHWE', 1, 139, '2019-07-18 08:38:05', '2019-07-18 08:38:05'),
(278, 'ညောင်ရွှေ', 3, 139, '2019-07-18 08:38:05', '2019-07-18 08:38:05'),
(279, 'NANSANG', 1, 140, '2019-07-18 08:38:23', '2019-07-18 08:38:23'),
(280, 'နမ့်စန်', 3, 140, '2019-07-18 08:38:23', '2019-07-18 08:38:23'),
(281, 'MONGPAN', 1, 141, '2019-07-18 08:38:41', '2019-07-18 08:38:41'),
(282, 'မိုင်းပန်', 3, 141, '2019-07-18 08:38:41', '2019-07-18 08:38:41'),
(283, 'MONGNAI', 1, 142, '2019-07-18 08:38:55', '2019-07-18 08:38:55'),
(284, 'မိုးနဲ', 3, 142, '2019-07-18 08:38:55', '2019-07-18 08:38:55'),
(285, 'MONGHSU', 1, 143, '2019-07-18 08:39:07', '2019-07-18 08:39:07'),
(286, 'မိုင်းရှူး', 3, 143, '2019-07-18 08:39:07', '2019-07-18 08:39:07'),
(287, 'HOPONG', 1, 144, '2019-07-18 08:42:51', '2019-07-18 08:43:13'),
(288, 'ဟိုပုံး', 3, 144, '2019-07-18 08:42:51', '2019-07-18 08:43:13'),
(289, 'HSIHSENG', 1, 145, '2019-07-18 08:43:54', '2019-07-18 08:43:54'),
(290, 'ဆီဆိုင်', 3, 145, '2019-07-18 08:43:54', '2019-07-18 08:43:54'),
(291, 'KALAW', 1, 146, '2019-07-18 08:44:07', '2019-07-18 08:44:07'),
(292, 'ကလော', 3, 146, '2019-07-18 08:44:07', '2019-07-18 08:44:07'),
(293, 'KUNHING', 1, 147, '2019-07-18 08:44:31', '2019-07-18 08:44:31'),
(294, 'ကွန်ဟိန်း', 3, 147, '2019-07-18 08:44:31', '2019-07-18 08:44:31'),
(295, 'LAIHKA', 1, 148, '2019-07-18 08:44:48', '2019-07-18 08:44:48'),
(296, 'လဲချား', 3, 148, '2019-07-18 08:44:48', '2019-07-18 08:44:48'),
(297, 'LANGKHO', 1, 149, '2019-07-18 08:44:59', '2019-07-18 08:44:59'),
(298, 'လင်းခေး', 3, 149, '2019-07-18 08:44:59', '2019-07-18 08:44:59'),
(299, 'AUNGBAN', 1, 150, '2019-07-18 08:45:13', '2019-07-18 08:45:13'),
(300, 'အောင်ပန်း', 3, 150, '2019-07-18 08:45:13', '2019-07-18 08:45:13'),
(301, 'LOILEN', 1, 151, '2019-07-18 08:45:26', '2019-07-18 08:45:26'),
(302, 'လွိုင်လင်', 3, 151, '2019-07-18 08:45:26', '2019-07-18 08:45:26'),
(303, 'HEHO', 1, 152, '2019-07-18 08:45:47', '2019-07-18 08:45:47'),
(304, 'ဟဲဟိုး', 3, 152, '2019-07-18 08:45:47', '2019-07-18 08:45:47'),
(305, 'AYADAW', 1, 153, '2019-07-18 08:47:30', '2019-07-18 08:47:30'),
(306, 'အရာတော်', 3, 153, '2019-07-18 08:47:30', '2019-07-18 08:47:30'),
(307, 'BANMAUK', 1, 154, '2019-07-18 08:47:44', '2019-07-18 08:47:44'),
(308, 'ဗန်းမောက်', 3, 154, '2019-07-18 08:47:44', '2019-07-18 08:47:44'),
(309, 'BUDALIN', 1, 155, '2019-07-18 08:47:59', '2019-07-18 08:47:59'),
(310, 'ဘုတလင်', 3, 155, '2019-07-18 08:47:59', '2019-07-18 08:47:59'),
(311, 'CHAUNG-U', 1, 156, '2019-07-18 08:48:22', '2019-07-18 08:48:22'),
(312, 'ချောင်းဦး', 3, 156, '2019-07-18 08:48:22', '2019-07-18 08:48:22'),
(313, 'HKAMTI', 1, 157, '2019-07-18 08:48:44', '2019-07-18 08:48:44'),
(314, 'ခန္တီး', 3, 157, '2019-07-18 08:48:44', '2019-07-18 08:48:44'),
(315, 'HOMALIN', 1, 158, '2019-07-18 08:49:18', '2019-07-18 08:49:18'),
(316, 'ဟုမ္မလင်း', 3, 158, '2019-07-18 08:49:18', '2019-07-18 08:49:18'),
(317, 'INDAW', 1, 159, '2019-07-18 08:53:17', '2019-07-18 08:53:17'),
(318, 'အင်းတော်', 3, 159, '2019-07-18 08:53:17', '2019-07-18 08:53:17'),
(319, 'KANBALU', 1, 160, '2019-07-18 08:53:51', '2019-07-18 08:53:51'),
(320, 'ကန့်ဘလူ', 3, 160, '2019-07-18 08:53:51', '2019-07-18 08:53:51'),
(321, 'KANI', 1, 161, '2019-07-18 08:54:23', '2019-07-18 08:54:23'),
(322, 'ကနီ', 3, 161, '2019-07-18 08:54:23', '2019-07-18 08:54:23'),
(323, 'KATHA', 1, 162, '2019-07-18 08:54:38', '2019-07-18 08:54:38'),
(324, 'ကသာ', 3, 162, '2019-07-18 08:54:38', '2019-07-18 08:54:38'),
(325, 'KAWLIN', 1, 163, '2019-07-18 08:54:56', '2019-07-18 08:54:56'),
(326, 'ကောလင်း', 3, 163, '2019-07-18 08:54:56', '2019-07-18 08:54:56'),
(327, 'KHIN-U', 1, 164, '2019-07-18 08:55:11', '2019-07-18 08:55:11'),
(328, 'ခင်ဦး', 3, 164, '2019-07-18 08:55:11', '2019-07-18 08:55:11'),
(329, 'KYUNHLA', 1, 165, '2019-07-18 08:56:40', '2019-07-18 08:56:40'),
(330, 'ကျွန်းလှ', 3, 165, '2019-07-18 08:56:40', '2019-07-18 08:56:40'),
(331, 'LAHE', 1, 166, '2019-07-18 08:56:52', '2019-07-18 08:56:52'),
(332, 'လဟယ်', 3, 166, '2019-07-18 08:56:52', '2019-07-18 08:56:52'),
(333, 'LAY SHI', 1, 167, '2019-07-18 08:58:14', '2019-07-18 08:58:14'),
(334, 'လေရှီး', 3, 167, '2019-07-18 08:58:14', '2019-07-18 08:58:14'),
(335, 'MAWLAIK', 1, 168, '2019-07-18 08:58:48', '2019-07-18 08:58:48'),
(336, 'မော်လိုက်', 3, 168, '2019-07-18 08:58:48', '2019-07-18 08:58:48'),
(337, 'MONYWA', 1, 169, '2019-07-18 09:00:38', '2019-07-18 09:00:38'),
(338, 'မုံရွာ', 3, 169, '2019-07-18 09:00:38', '2019-07-18 09:00:38'),
(339, 'MYAUNG', 1, 170, '2019-07-18 09:00:50', '2019-07-18 09:00:50'),
(340, 'မြောင်', 3, 170, '2019-07-18 09:00:50', '2019-07-18 09:00:50'),
(341, 'MYINMU', 1, 171, '2019-07-18 09:01:02', '2019-07-18 09:01:02'),
(342, 'မြင်းမူ', 3, 171, '2019-07-18 09:01:02', '2019-07-18 09:01:02'),
(343, 'PALE', 1, 172, '2019-07-18 09:01:31', '2019-07-18 09:01:31'),
(344, 'ပုလဲ', 3, 172, '2019-07-18 09:01:31', '2019-07-18 09:01:31'),
(345, 'PAUNGBYIN', 1, 173, '2019-07-18 09:02:13', '2019-07-18 09:02:13'),
(346, 'ဖောင်းပြင်', 3, 173, '2019-07-18 09:02:13', '2019-07-18 09:02:13'),
(347, 'PINLEBU', 1, 174, '2019-07-18 09:03:20', '2019-07-18 09:03:20'),
(348, 'ပင်လယ်ဘူး', 3, 174, '2019-07-18 09:03:20', '2019-07-18 09:03:20'),
(349, 'SAGAING', 1, 175, '2019-07-18 09:03:42', '2019-07-18 09:03:42'),
(350, 'စစ်ကိုင်း', 3, 175, '2019-07-18 09:03:42', '2019-07-18 09:03:42'),
(351, 'SALINGY', 1, 176, '2019-07-18 09:05:00', '2019-07-18 09:05:00'),
(352, 'စလင်းကြီး', 3, 176, '2019-07-18 09:05:00', '2019-07-18 09:05:00'),
(353, 'SHWEBO', 1, 177, '2019-07-18 09:05:16', '2019-07-18 09:05:16'),
(354, 'ရွှေဘို', 3, 177, '2019-07-18 09:05:16', '2019-07-18 09:05:16'),
(355, 'TABAYIN', 1, 178, '2019-07-18 09:05:34', '2019-07-18 09:05:34'),
(356, 'ဒီပဲယင်း', 3, 178, '2019-07-18 09:05:34', '2019-07-18 09:05:34'),
(357, 'TAZE', 1, 179, '2019-07-18 09:05:46', '2019-07-18 09:05:46'),
(358, 'တန့်ဆည်', 3, 179, '2019-07-18 09:05:46', '2019-07-18 09:05:46'),
(359, 'TIGYAING', 1, 180, '2019-07-18 09:06:12', '2019-07-18 09:06:12'),
(360, 'ထီးချိုင့်', 3, 180, '2019-07-18 09:06:12', '2019-07-18 09:06:12'),
(361, 'WETLET', 1, 181, '2019-07-18 09:06:25', '2019-07-18 09:06:25'),
(362, '၀က်လက်', 3, 181, '2019-07-18 09:06:25', '2019-07-18 09:06:25'),
(363, 'WUNTHO', 1, 182, '2019-07-18 09:07:16', '2019-07-18 09:07:16'),
(364, '၀န်းသို', 3, 182, '2019-07-18 09:07:16', '2019-07-18 09:07:16'),
(365, 'YE-U', 1, 183, '2019-07-18 09:07:27', '2019-07-18 09:07:27'),
(366, 'ရေဦး', 3, 183, '2019-07-18 09:07:27', '2019-07-18 09:07:27'),
(367, 'YINMABIN', 1, 184, '2019-07-18 09:07:43', '2019-07-18 09:07:43'),
(368, 'ယင်းမာပင်', 3, 184, '2019-07-18 09:07:43', '2019-07-18 09:07:43'),
(369, 'TAMU', 1, 185, '2019-07-18 09:08:56', '2019-07-18 09:08:56'),
(370, 'တမူး', 3, 185, '2019-07-18 09:08:56', '2019-07-18 09:08:56'),
(371, 'MINGIN', 1, 186, '2019-07-18 09:09:12', '2019-07-18 09:09:12'),
(372, 'မင်းကင်း', 3, 186, '2019-07-18 09:09:12', '2019-07-18 09:09:12'),
(373, 'KALEWA', 1, 187, '2019-07-18 09:09:36', '2019-07-18 09:09:36'),
(374, 'ကလေးဝ', 3, 187, '2019-07-18 09:09:36', '2019-07-18 09:09:36'),
(375, 'KALE', 1, 188, '2019-07-18 09:09:55', '2019-07-18 09:09:55'),
(376, 'ကလေး', 3, 188, '2019-07-18 09:09:55', '2019-07-18 09:09:55'),
(377, 'BAGO', 1, 189, '2019-07-18 09:12:48', '2019-07-18 09:12:48'),
(378, 'ပဲခူး', 3, 189, '2019-07-18 09:12:48', '2019-07-18 09:12:48'),
(379, 'DAIK-U', 1, 190, '2019-07-18 09:14:42', '2019-07-18 09:14:42'),
(380, 'ဒိုက်ဦး', 3, 190, '2019-07-18 09:14:42', '2019-07-18 09:14:42'),
(381, 'KAWA', 1, 191, '2019-07-18 09:14:53', '2019-07-18 09:14:53'),
(382, 'ကဝ', 3, 191, '2019-07-18 09:14:53', '2019-07-18 09:14:53'),
(383, 'KYAUKKYI', 1, 192, '2019-07-18 09:15:10', '2019-07-18 09:15:10'),
(384, 'ကျောက်ကြီး', 3, 192, '2019-07-18 09:15:10', '2019-07-18 09:15:10'),
(385, 'KYAUKTAGA', 1, 193, '2019-07-18 09:15:53', '2019-07-18 09:15:53'),
(386, 'ကျောက်တံခါး', 3, 193, '2019-07-18 09:15:53', '2019-07-18 09:15:53'),
(387, 'NYAUNGLEBIN', 1, 194, '2019-07-18 09:16:13', '2019-07-18 09:16:13'),
(388, 'ညောင်လေးပင်', 3, 194, '2019-07-18 09:16:13', '2019-07-18 09:16:13'),
(389, 'OKTWIN', 1, 195, '2019-07-18 09:16:31', '2019-07-18 09:16:31'),
(390, 'အုတ်တွင်း', 3, 195, '2019-07-18 09:16:31', '2019-07-18 09:16:31'),
(391, 'PHYU', 1, 196, '2019-07-18 09:16:47', '2019-07-18 09:16:47'),
(392, 'ဖြူး', 3, 196, '2019-07-18 09:16:47', '2019-07-18 09:16:47'),
(393, 'SHWEGYIN', 1, 197, '2019-07-18 09:17:04', '2019-07-18 09:17:04'),
(394, 'ရွှေကျင်', 3, 197, '2019-07-18 09:17:04', '2019-07-18 09:17:04'),
(395, 'TANTABIN', 1, 198, '2019-07-18 09:17:35', '2019-07-18 09:17:35'),
(396, 'ထန်းတပင်', 3, 198, '2019-07-18 09:17:35', '2019-07-18 09:17:35'),
(397, 'TAUNGOO', 1, 199, '2019-07-18 09:18:11', '2019-07-18 09:18:11'),
(398, 'တောင်ငူ', 3, 199, '2019-07-18 09:18:11', '2019-07-18 09:18:11'),
(399, 'THANATPIN', 1, 200, '2019-07-18 09:19:15', '2019-07-18 09:19:15'),
(400, 'သနပ်ပင်', 3, 200, '2019-07-18 09:19:15', '2019-07-18 09:19:15'),
(401, 'WAW', 1, 201, '2019-07-18 09:19:29', '2019-07-18 09:19:29'),
(402, 'ဝေါ', 3, 201, '2019-07-18 09:19:29', '2019-07-18 09:19:29'),
(403, 'YEDASHE', 1, 202, '2019-07-18 09:19:51', '2019-07-18 09:19:51'),
(404, 'ရေတာရှည်', 3, 202, '2019-07-18 09:19:51', '2019-07-18 09:19:51'),
(405, 'GYOBINGAUK', 1, 203, '2019-07-18 09:21:05', '2019-07-18 09:21:05'),
(406, 'ကြို့ပင်ကောက်', 3, 203, '2019-07-18 09:21:05', '2019-07-18 09:21:05'),
(407, 'LETPADAN', 1, 204, '2019-07-18 09:21:46', '2019-07-18 09:21:46'),
(408, 'လက်ပံပတန်း', 3, 204, '2019-07-18 09:21:46', '2019-07-18 09:21:46'),
(409, 'MINHLA', 1, 205, '2019-07-18 09:21:59', '2019-07-18 09:21:59'),
(410, 'မင်းလှ', 3, 205, '2019-07-18 09:21:59', '2019-07-18 09:21:59'),
(411, 'MONYO', 1, 206, '2019-07-18 09:22:12', '2019-07-18 09:22:12'),
(412, 'မိုးညို', 3, 206, '2019-07-18 09:22:13', '2019-07-18 09:22:13'),
(413, 'NATTALIN', 1, 207, '2019-07-18 09:22:39', '2019-07-18 09:22:39'),
(414, 'နတ်တလင်း', 3, 207, '2019-07-18 09:22:39', '2019-07-18 09:22:39'),
(415, 'OKPHO', 1, 208, '2019-07-18 09:22:51', '2019-07-18 09:22:51'),
(416, 'အုတ်ဖို', 3, 208, '2019-07-18 09:22:51', '2019-07-18 09:22:51'),
(417, 'PADAUNG', 1, 209, '2019-07-18 09:23:04', '2019-07-18 09:23:04'),
(418, 'ပန်းတောင်း', 3, 209, '2019-07-18 09:23:04', '2019-07-18 09:23:04'),
(419, 'PAUK KAUNG', 1, 210, '2019-07-18 09:23:24', '2019-07-18 09:23:24'),
(420, 'ပေါက်ခေါင်း', 3, 210, '2019-07-18 09:23:24', '2019-07-18 09:23:24'),
(421, 'PAUNGDE', 1, 211, '2019-07-18 09:24:15', '2019-07-18 09:24:15'),
(422, 'ပေါင်းတလည်', 3, 211, '2019-07-18 09:24:15', '2019-07-18 09:24:15'),
(423, 'PYAY', 1, 212, '2019-07-18 09:24:28', '2019-07-18 09:24:28'),
(424, 'ပြည်', 3, 212, '2019-07-18 09:24:28', '2019-07-18 09:24:28'),
(425, 'SHWEDAUNG', 1, 213, '2019-07-18 09:24:45', '2019-07-18 09:24:45'),
(426, 'ရွှေတောင်', 3, 213, '2019-07-18 09:24:45', '2019-07-18 09:24:45'),
(427, 'THAYARWADY', 1, 214, '2019-07-18 09:25:25', '2019-07-18 09:25:25'),
(428, 'သာယာဝတီ', 3, 214, '2019-07-18 09:25:25', '2019-07-18 09:25:25'),
(429, 'THEGON', 1, 215, '2019-07-18 09:25:40', '2019-07-18 09:25:40'),
(430, 'သဲကုန်း', 3, 215, '2019-07-18 09:25:40', '2019-07-18 09:25:40'),
(431, 'ZIGON', 1, 216, '2019-07-18 09:26:02', '2019-07-18 09:26:02'),
(432, 'ဇီးကုန်း', 3, 216, '2019-07-18 09:26:02', '2019-07-18 09:26:02'),
(433, 'AUNGLAN', 1, 217, '2019-07-18 09:29:36', '2019-07-18 09:29:36'),
(434, 'အောင်လံ', 3, 217, '2019-07-18 09:29:36', '2019-07-18 09:29:36'),
(435, 'CHAUK', 1, 218, '2019-07-18 09:30:30', '2019-07-18 09:30:30'),
(436, 'ချောက်', 3, 218, '2019-07-18 09:30:30', '2019-07-18 09:30:30'),
(437, 'GANGAW', 1, 219, '2019-07-18 09:30:44', '2019-07-18 09:30:44'),
(438, 'ဂန့်ဂေါ', 3, 219, '2019-07-18 09:30:44', '2019-07-18 09:30:44'),
(439, 'KAMMA', 1, 220, '2019-07-18 09:31:05', '2019-07-18 09:31:05'),
(440, 'ကံမ (သရက်)', 3, 220, '2019-07-18 09:31:05', '2019-07-18 09:31:05'),
(441, 'MAGWAY', 1, 221, '2019-07-18 09:31:19', '2019-07-18 09:31:19'),
(442, 'မကွေး', 3, 221, '2019-07-18 09:31:19', '2019-07-18 09:31:19'),
(443, 'MINBU', 1, 222, '2019-07-18 09:31:41', '2019-07-18 09:31:41'),
(444, 'မင်းဘူး', 3, 222, '2019-07-18 09:31:41', '2019-07-18 09:31:41'),
(445, 'MINDON', 1, 223, '2019-07-18 09:37:53', '2019-07-18 09:37:53'),
(446, 'မင်းတုန်း', 3, 223, '2019-07-18 09:37:53', '2019-07-18 09:37:53'),
(447, 'MINHLA', 1, 224, '2019-07-18 09:38:03', '2019-07-18 09:38:03'),
(448, 'မင်းလှ', 3, 224, '2019-07-18 09:38:03', '2019-07-18 09:38:03'),
(449, 'MYAING', 1, 225, '2019-07-18 09:38:14', '2019-07-18 09:38:14'),
(450, 'မြိုင်', 3, 225, '2019-07-18 09:38:14', '2019-07-18 09:38:14'),
(451, 'MYOTHIT', 1, 226, '2019-07-18 09:38:36', '2019-07-18 09:38:36'),
(452, 'မြို့သစ် (မကွေး)', 3, 226, '2019-07-18 09:38:36', '2019-07-18 09:38:36'),
(453, 'NATMAUK', 1, 227, '2019-07-18 09:39:34', '2019-07-18 09:39:34'),
(454, 'နတ်မောက်', 3, 227, '2019-07-18 09:39:34', '2019-07-18 09:39:34'),
(455, 'NGAPE', 1, 228, '2019-07-18 09:39:58', '2019-07-18 09:39:58'),
(456, 'ငဖဲ', 3, 228, '2019-07-18 09:39:58', '2019-07-18 09:39:58'),
(457, 'PAKOKKU', 1, 229, '2019-07-18 09:40:18', '2019-07-18 09:40:18'),
(458, 'ပခုက္ကူ', 3, 229, '2019-07-18 09:40:18', '2019-07-18 09:40:18'),
(459, 'PAUK', 1, 230, '2019-07-18 09:41:15', '2019-07-18 09:41:15'),
(460, 'ပေါက်', 3, 230, '2019-07-18 09:41:15', '2019-07-18 09:41:15'),
(461, 'PWINTBYU', 1, 231, '2019-07-18 09:41:38', '2019-07-18 09:41:38'),
(462, 'ပွင့်ဖြူ', 3, 231, '2019-07-18 09:41:38', '2019-07-18 09:41:38'),
(463, 'SALIN', 1, 232, '2019-07-18 09:42:50', '2019-07-18 09:42:50'),
(464, 'စလင်း', 3, 232, '2019-07-18 09:42:50', '2019-07-18 09:42:50'),
(465, 'SAW', 1, 233, '2019-07-18 09:43:00', '2019-07-18 09:43:00'),
(466, 'ဆော', 3, 233, '2019-07-18 09:43:00', '2019-07-18 09:43:00'),
(467, 'SEIKPHYU', 1, 234, '2019-07-18 09:43:16', '2019-07-18 09:43:16'),
(468, 'ဆိပ်ဖြူ', 3, 234, '2019-07-18 09:43:16', '2019-07-18 09:43:16'),
(469, 'SIDOKTAYA', 1, 235, '2019-07-18 09:43:33', '2019-07-18 09:43:33'),
(470, 'စေတုတ္တရာ', 3, 235, '2019-07-18 09:43:33', '2019-07-18 09:43:33'),
(471, 'SINBAUNGWE', 1, 236, '2019-07-18 09:43:46', '2019-07-18 09:43:46'),
(472, 'ဆင်ပေါင်ဝဲ', 3, 236, '2019-07-18 09:43:46', '2019-07-18 09:43:46'),
(473, 'TAUNGDWINGYI', 1, 237, '2019-07-18 09:44:37', '2019-07-18 09:44:37'),
(474, 'တောင်တွင်းကြီး', 3, 237, '2019-07-18 09:44:37', '2019-07-18 09:44:37'),
(475, 'THAYET', 1, 238, '2019-07-18 09:44:50', '2019-07-18 09:44:50'),
(476, 'သရက်', 3, 238, '2019-07-18 09:44:50', '2019-07-18 09:44:50'),
(477, 'TILIN', 1, 239, '2019-07-18 09:45:02', '2019-07-18 09:45:02'),
(478, 'ထီးလင်း', 3, 239, '2019-07-18 09:45:02', '2019-07-18 09:45:02'),
(479, 'YENANGYAUNG', 1, 240, '2019-07-18 09:45:20', '2019-07-18 09:45:20'),
(480, 'ရေနံချောင်း', 3, 240, '2019-07-18 09:45:20', '2019-07-18 09:45:20'),
(481, 'YESAGYO', 1, 241, '2019-07-18 09:45:36', '2019-07-18 09:45:36'),
(482, 'ရေစကြို', 3, 241, '2019-07-18 09:45:36', '2019-07-18 09:45:36'),
(483, 'BOGALE', 1, 242, '2019-07-19 07:13:19', '2019-07-19 07:13:19'),
(484, 'ဘိုကလေး', 3, 242, '2019-07-19 07:13:19', '2019-07-19 07:13:19'),
(485, 'DANUBYU', 1, 243, '2019-07-19 07:14:02', '2019-07-19 07:14:02'),
(486, 'ဓနုဖြူ', 3, 243, '2019-07-19 07:14:02', '2019-07-19 07:14:02'),
(487, 'DEDAYE', 1, 244, '2019-07-19 07:17:14', '2019-07-19 07:17:14'),
(488, 'ဒေးဒရဲ', 3, 244, '2019-07-19 07:17:14', '2019-07-19 07:17:14'),
(489, 'EINME', 1, 245, '2019-07-19 07:17:41', '2019-07-19 07:17:41'),
(490, 'အိမ္မဲ', 3, 245, '2019-07-19 07:17:41', '2019-07-19 07:17:41'),
(491, 'HINTHADA', 1, 246, '2019-07-19 07:18:02', '2019-07-19 07:18:02'),
(492, 'ဟင်္သာတ', 3, 246, '2019-07-19 07:18:02', '2019-07-19 07:18:02'),
(493, 'INGAPU', 1, 247, '2019-07-19 07:21:26', '2019-07-19 07:21:26'),
(494, 'အင်္ဂပူ', 3, 247, '2019-07-19 07:21:26', '2019-07-19 07:21:26'),
(495, 'KANGYIDAUNT', 1, 248, '2019-07-19 07:21:41', '2019-07-19 07:21:41'),
(496, 'ကံကြီးဒေါင့်', 3, 248, '2019-07-19 07:21:41', '2019-07-19 07:21:41'),
(497, 'KYAIKLAT', 1, 249, '2019-07-19 07:21:58', '2019-07-19 07:21:58'),
(498, 'ကျိုက်လတ်', 3, 249, '2019-07-19 07:21:58', '2019-07-19 07:21:58'),
(499, 'KYANGIN', 1, 250, '2019-07-19 07:22:22', '2019-07-19 07:22:22'),
(500, 'ကြံခင်း', 3, 250, '2019-07-19 07:22:22', '2019-07-19 07:22:22'),
(501, 'KYAUNGGON', 1, 251, '2019-07-19 07:22:55', '2019-07-19 07:22:55'),
(502, 'ကျောင်းကုန်း', 3, 251, '2019-07-19 07:22:55', '2019-07-19 07:22:55'),
(503, 'KYONPYAW', 1, 252, '2019-07-19 07:23:31', '2019-07-19 07:23:31'),
(504, 'ကျုံပျော်', 3, 252, '2019-07-19 07:23:31', '2019-07-19 07:23:31'),
(505, 'LABUTTA', 1, 253, '2019-07-19 07:23:47', '2019-07-19 07:23:47'),
(506, 'လပွတ္တာ', 3, 253, '2019-07-19 07:23:47', '2019-07-19 07:23:47'),
(507, 'LEMYETHNA', 1, 254, '2019-07-19 07:24:05', '2019-07-19 07:24:05'),
(508, 'လေးမျက်နှာ', 3, 254, '2019-07-19 07:24:05', '2019-07-19 07:24:05'),
(509, 'MAUBIN', 1, 255, '2019-07-19 07:24:54', '2019-07-19 07:24:54'),
(510, 'မအူပင်', 3, 255, '2019-07-19 07:24:54', '2019-07-19 07:24:54'),
(511, 'MAWLAMYINEGYUN', 1, 256, '2019-07-19 07:26:02', '2019-07-19 07:26:02'),
(512, 'မော်လမြိုင်ကျွန်း', 3, 256, '2019-07-19 07:26:02', '2019-07-19 07:26:02'),
(513, 'MYANAUNG', 1, 257, '2019-07-19 07:26:23', '2019-07-19 07:26:23'),
(514, 'မြန်အောင်', 3, 257, '2019-07-19 07:26:23', '2019-07-19 07:26:23'),
(515, 'MYAUNGMYA', 1, 258, '2019-07-19 07:29:12', '2019-07-19 07:29:12'),
(516, 'မြောင်းမြ', 3, 258, '2019-07-19 07:29:12', '2019-07-19 07:29:12'),
(517, 'NGAPUDAW', 1, 259, '2019-07-19 07:29:42', '2019-07-19 07:29:42'),
(518, 'ငပုတော', 3, 259, '2019-07-19 07:29:42', '2019-07-19 07:29:42'),
(519, 'NYAUNGDON', 1, 260, '2019-07-19 07:33:22', '2019-07-19 07:33:22'),
(520, 'ညောင်တုန်း', 3, 260, '2019-07-19 07:33:22', '2019-07-19 07:33:22'),
(521, 'PANTANAW', 1, 261, '2019-07-19 07:34:17', '2019-07-19 07:34:17'),
(522, 'ပန်းတနော်', 3, 261, '2019-07-19 07:34:17', '2019-07-19 07:34:17'),
(523, 'PATHEIN', 1, 262, '2019-07-19 07:34:30', '2019-07-19 07:34:30'),
(524, 'ပုသိမ်', 3, 262, '2019-07-19 07:34:30', '2019-07-19 07:34:30'),
(525, 'PYAPON', 1, 263, '2019-07-19 07:36:06', '2019-07-19 07:36:06'),
(526, 'ဖျာပုံ', 3, 263, '2019-07-19 07:36:06', '2019-07-19 07:36:06'),
(529, 'THABAUNG', 1, 265, '2019-07-19 07:36:35', '2019-07-19 07:36:35'),
(530, 'သာပေါင်း', 3, 265, '2019-07-19 07:36:35', '2019-07-19 07:36:35'),
(531, 'WAKEMA', 1, 266, '2019-07-19 07:38:41', '2019-07-19 07:38:41'),
(532, 'ဝါးခယ်မ', 3, 266, '2019-07-19 07:38:41', '2019-07-19 07:38:41'),
(533, 'YEGYI', 1, 267, '2019-07-19 07:39:57', '2019-07-19 07:39:57'),
(534, 'ရေကြည်', 3, 267, '2019-07-19 07:39:57', '2019-07-19 07:39:57'),
(535, 'ZALUN', 1, 268, '2019-07-19 07:40:11', '2019-07-19 07:40:11'),
(536, 'ဇလွန်', 3, 268, '2019-07-19 07:40:11', '2019-07-19 07:40:11'),
(537, 'BOKPYIN', 1, 269, '2019-07-19 07:42:24', '2019-07-19 07:42:24'),
(538, 'ဘုတ်ပြင်း', 3, 269, '2019-07-19 07:42:24', '2019-07-19 07:42:24'),
(539, 'DAWEI', 1, 270, '2019-07-19 07:42:44', '2019-07-19 07:45:29'),
(540, 'ထားဝယ်', 3, 270, '2019-07-19 07:42:44', '2019-07-19 07:45:29'),
(541, 'KAWTHOUNG', 1, 271, '2019-07-19 07:43:42', '2019-07-19 07:43:42'),
(542, 'ကော့သောင်း', 3, 271, '2019-07-19 07:43:42', '2019-07-19 07:43:42'),
(543, 'KYUNSU', 1, 272, '2019-07-19 07:44:28', '2019-07-19 07:44:28'),
(544, 'ကျွန်းစု', 3, 272, '2019-07-19 07:44:28', '2019-07-19 07:44:28'),
(545, 'LAUNGLON', 1, 273, '2019-07-19 07:48:14', '2019-07-19 07:48:14'),
(546, 'လောင်းလုံး', 3, 273, '2019-07-19 07:48:14', '2019-07-19 07:48:14'),
(547, 'MYEIK', 1, 274, '2019-07-19 07:49:25', '2019-07-19 07:49:25'),
(548, 'မြိတ်', 3, 274, '2019-07-19 07:49:25', '2019-07-19 07:49:25'),
(549, 'PALAW', 1, 275, '2019-07-19 07:50:07', '2019-07-19 07:50:07'),
(550, 'ပုလော', 3, 275, '2019-07-19 07:50:07', '2019-07-19 07:50:07'),
(551, 'TANINTHARYI', 1, 276, '2019-07-19 07:50:32', '2019-07-19 07:50:32'),
(552, 'တနင်္သာရီ', 3, 276, '2019-07-19 07:50:32', '2019-07-19 07:50:32'),
(553, 'THAYETCHAUNG', 1, 277, '2019-07-19 07:53:23', '2019-07-19 07:53:23'),
(554, 'သရက်ချောင်း', 3, 277, '2019-07-19 07:53:23', '2019-07-19 07:53:23'),
(555, 'YEBYU', 1, 278, '2019-07-19 07:53:39', '2019-07-19 07:53:39'),
(556, 'ရေဖြူ', 3, 278, '2019-07-19 07:53:39', '2019-07-19 07:53:39'),
(557, 'AMARAPURA', 1, 279, '2019-07-19 07:56:03', '2019-07-19 07:56:03'),
(558, 'အမရပူရ', 3, 279, '2019-07-19 07:56:03', '2019-07-19 07:56:03'),
(559, 'AUNGMYAYTHAZAN', 1, 280, '2019-07-19 07:56:20', '2019-07-19 07:56:20'),
(560, 'အောင်မြေသာဇံ', 3, 280, '2019-07-19 07:56:20', '2019-07-19 07:56:20'),
(561, 'CHANAYETHAZAN', 1, 281, '2019-07-19 07:56:39', '2019-07-19 07:56:39'),
(562, 'ချမ်းအေးသာဇံ', 3, 281, '2019-07-19 07:56:39', '2019-07-19 07:56:39'),
(563, 'CHANMYATHAZI', 1, 282, '2019-07-19 07:56:55', '2019-07-19 07:56:55'),
(564, 'ချမ်းမြသာစည်', 3, 282, '2019-07-19 07:56:55', '2019-07-19 07:56:55'),
(565, 'KYAUK PADAUNG', 1, 283, '2019-07-19 07:57:15', '2019-07-19 07:57:15'),
(566, 'ကျောက်ပန်းတောင်း', 3, 283, '2019-07-19 07:57:15', '2019-07-19 07:57:15'),
(567, 'KYAUKSE', 1, 284, '2019-07-19 07:57:41', '2019-07-19 07:57:41'),
(568, 'ကျောက်ဆည်', 3, 284, '2019-07-19 07:57:41', '2019-07-19 07:57:41'),
(569, 'LEWE', 1, 285, '2019-07-19 07:57:55', '2019-07-19 07:57:55'),
(570, 'လယ်ဝေး', 3, 285, '2019-07-19 07:57:55', '2019-07-19 07:57:55'),
(571, 'MADAYA', 1, 286, '2019-07-19 07:59:10', '2019-07-19 07:59:10'),
(572, 'မတ္တရာ', 3, 286, '2019-07-19 07:59:10', '2019-07-19 07:59:10'),
(573, 'MAHA AUNGMYAY', 1, 287, '2019-07-19 08:01:14', '2019-07-19 08:01:14'),
(574, 'မဟာအောင်မြေ', 3, 287, '2019-07-19 08:01:14', '2019-07-19 08:01:14'),
(575, 'MAHLAING', 1, 288, '2019-07-19 08:01:28', '2019-07-19 08:01:28'),
(576, 'မလှိုင်', 3, 288, '2019-07-19 08:01:28', '2019-07-19 08:01:28'),
(577, 'MEIKTILA', 1, 289, '2019-07-19 08:01:49', '2019-07-19 08:01:49'),
(578, 'မိတ္ထီလာ', 3, 289, '2019-07-19 08:01:49', '2019-07-19 08:01:49'),
(579, 'MOGOKE', 1, 290, '2019-07-19 08:03:48', '2019-07-19 08:03:48'),
(580, 'မိုးကုတ်', 3, 290, '2019-07-19 08:03:48', '2019-07-19 08:03:48'),
(581, 'MYINGYAN', 1, 291, '2019-07-19 08:05:04', '2019-07-19 08:05:04'),
(582, 'မြင်းခြံ', 3, 291, '2019-07-19 08:05:04', '2019-07-19 08:05:04'),
(583, 'MYITTHA', 1, 292, '2019-07-19 08:06:39', '2019-07-19 08:06:39'),
(584, 'မြစ်သား', 3, 292, '2019-07-19 08:06:39', '2019-07-19 08:06:39'),
(585, 'NATOGYI', 1, 293, '2019-07-19 08:06:53', '2019-07-19 08:06:53'),
(586, 'နွားထိုးကြီး', 3, 293, '2019-07-19 08:06:53', '2019-07-19 08:06:53'),
(587, 'NGAZUN', 1, 294, '2019-07-19 08:07:13', '2019-07-19 08:07:13'),
(588, 'ငါန်းဇွန်', 3, 294, '2019-07-19 08:07:13', '2019-07-19 08:07:13'),
(589, 'NYAUNG-U', 1, 295, '2019-07-19 08:09:21', '2019-07-19 08:09:21'),
(590, 'ညောင်ဦး', 3, 295, '2019-07-19 08:09:21', '2019-07-19 08:09:21'),
(591, 'PATHEINGYI', 1, 296, '2019-07-19 08:09:35', '2019-07-19 08:09:35'),
(592, 'ပုသိမ်ကြီး', 3, 296, '2019-07-19 08:09:35', '2019-07-19 08:09:35'),
(593, 'PYAWBWE', 1, 297, '2019-07-19 08:10:12', '2019-07-19 08:10:12'),
(594, 'ပျော်ဘွယ်', 3, 297, '2019-07-19 08:10:12', '2019-07-19 08:10:12'),
(595, 'PYIGYITAGON', 1, 298, '2019-07-19 08:10:31', '2019-07-19 08:10:31'),
(596, 'ပြည်ကြီးတံခွန်', 3, 298, '2019-07-19 08:10:31', '2019-07-19 08:10:31'),
(597, 'PYINMANA', 1, 299, '2019-07-19 08:10:56', '2019-07-19 08:10:56'),
(598, 'ပျဉ်းမနား', 3, 299, '2019-07-19 08:10:56', '2019-07-19 08:10:56'),
(599, 'PYIN OO LWIN', 1, 300, '2019-07-19 08:11:10', '2019-07-19 08:11:10'),
(600, 'ပြင်ဦးလွင်', 3, 300, '2019-07-19 08:11:10', '2019-07-19 08:11:10'),
(601, 'SINGU', 1, 301, '2019-07-19 08:13:01', '2019-07-19 08:13:01'),
(602, 'စဉ့်ကူး', 3, 301, '2019-07-19 08:13:01', '2019-07-19 08:13:01'),
(603, 'SINTGAING', 1, 302, '2019-07-19 08:13:15', '2019-07-19 08:13:15'),
(604, 'စဉ့်ကိုင်', 3, 302, '2019-07-19 08:13:15', '2019-07-19 08:13:15'),
(605, 'TADA-U', 1, 303, '2019-07-19 08:16:03', '2019-07-19 08:16:03'),
(606, 'တံတားဦး', 3, 303, '2019-07-19 08:16:03', '2019-07-19 08:16:03'),
(607, 'TATKON', 1, 304, '2019-07-19 08:16:31', '2019-07-19 08:16:31'),
(608, 'တပ်ကုန်း', 3, 304, '2019-07-19 08:16:31', '2019-07-19 08:16:31'),
(609, 'TAUNGTHA', 1, 305, '2019-07-19 08:16:40', '2019-07-19 08:16:40'),
(610, 'တောင်သာ', 3, 305, '2019-07-19 08:16:40', '2019-07-19 08:16:40'),
(611, 'THABEIKKYIN', 1, 306, '2019-07-19 08:16:57', '2019-07-19 08:16:57'),
(612, 'သပိတ်ကျဉ်း', 3, 306, '2019-07-19 08:16:57', '2019-07-19 08:16:57'),
(613, 'THAZI', 1, 307, '2019-07-19 08:17:13', '2019-07-19 08:17:13'),
(614, 'သာစည်', 3, 307, '2019-07-19 08:17:13', '2019-07-19 08:17:13'),
(615, 'WUNDWIN', 1, 308, '2019-07-19 08:17:59', '2019-07-19 08:17:59'),
(616, '၀မ်းတွင်း', 3, 308, '2019-07-19 08:17:59', '2019-07-19 08:17:59'),
(617, 'YEMETHIN', 1, 309, '2019-07-19 08:18:13', '2019-07-19 08:18:13'),
(618, 'ရမည်းသင်း', 3, 309, '2019-07-19 08:18:13', '2019-07-19 08:18:13'),
(629, 'Office', 1, 315, '2019-08-12 06:38:31', '2019-08-12 06:38:31'),
(630, 'Office', 3, 315, '2019-08-12 06:38:31', '2019-08-12 06:38:31'),
(631, 'ZABU THIRI', 1, 316, '2019-08-15 10:45:53', '2019-08-15 10:45:53'),
(632, 'ဇမ္ဗူ သီရိ', 3, 316, '2019-08-15 10:45:53', '2019-08-15 10:45:53'),
(633, 'OTTARA THIRI', 1, 317, '2019-08-15 10:46:41', '2019-08-15 10:46:41'),
(634, 'ဥတ္တရ သီရိ', 3, 317, '2019-08-15 10:46:41', '2019-08-15 10:46:41'),
(635, 'DATKHINA THIRI', 1, 318, '2019-08-15 10:48:15', '2019-08-15 10:48:15'),
(636, 'ဒက္ခိဏ သီရိ', 3, 318, '2019-08-15 10:48:15', '2019-08-15 10:48:15'),
(637, 'INN TAING', 1, 319, '2019-08-16 05:39:36', '2019-08-16 05:39:36'),
(638, 'အင်းတိုင်', 3, 319, '2019-08-16 05:39:36', '2019-08-16 05:39:36'),
(639, 'WHOLESALE', 1, 320, '2019-08-26 09:00:56', '2019-08-26 09:00:56'),
(640, 'WHOLESALE', 3, 320, '2019-08-26 09:00:56', '2019-08-26 09:00:56'),
(641, 'RP', 1, 321, '2019-08-30 04:33:31', '2019-08-30 04:33:31'),
(642, 'RP', 3, 321, '2019-08-30 04:33:31', '2019-08-30 04:33:31');

--
-- Indexes for dumped tables
--

--
-- Indexes for table `cities`
--
ALTER TABLE `cities`
  ADD PRIMARY KEY (`id`);

--
-- Indexes for table `city_descriptions`
--
ALTER TABLE `city_descriptions`
  ADD PRIMARY KEY (`id`);

--
-- Indexes for table `townships`
--
ALTER TABLE `townships`
  ADD PRIMARY KEY (`id`);

--
-- Indexes for table `township_descriptions`
--
ALTER TABLE `township_descriptions`
  ADD PRIMARY KEY (`id`);

--
-- AUTO_INCREMENT for dumped tables
--

--
-- AUTO_INCREMENT for table `cities`
--
ALTER TABLE `cities`
  MODIFY `id` int UNSIGNED NOT NULL AUTO_INCREMENT, AUTO_INCREMENT=19;

--
-- AUTO_INCREMENT for table `city_descriptions`
--
ALTER TABLE `city_descriptions`
  MODIFY `id` int UNSIGNED NOT NULL AUTO_INCREMENT, AUTO_INCREMENT=37;

--
-- AUTO_INCREMENT for table `townships`
--
ALTER TABLE `townships`
  MODIFY `id` int UNSIGNED NOT NULL AUTO_INCREMENT, AUTO_INCREMENT=322;

--
-- AUTO_INCREMENT for table `township_descriptions`
--
ALTER TABLE `township_descriptions`
  MODIFY `id` int UNSIGNED NOT NULL AUTO_INCREMENT, AUTO_INCREMENT=643;
COMMIT;

/*!40101 SET CHARACTER_SET_CLIENT=@OLD_CHARACTER_SET_CLIENT */;
/*!40101 SET CHARACTER_SET_RESULTS=@OLD_CHARACTER_SET_RESULTS */;
/*!40101 SET COLLATION_CONNECTION=@OLD_COLLATION_CONNECTION */;
